-- phpMyAdmin SQL Dump
-- version 4.6.5.2
-- https://www.phpmyadmin.net/
--
-- Host: 127.0.0.1
-- Generation Time: Mar 20, 2018 at 01:22 AM
-- Server version: 10.1.21-MariaDB
-- PHP Version: 5.6.30

SET SQL_MODE = "NO_AUTO_VALUE_ON_ZERO";
SET time_zone = "+00:00";


/*!40101 SET @OLD_CHARACTER_SET_CLIENT=@@CHARACTER_SET_CLIENT */;
/*!40101 SET @OLD_CHARACTER_SET_RESULTS=@@CHARACTER_SET_RESULTS */;
/*!40101 SET @OLD_COLLATION_CONNECTION=@@COLLATION_CONNECTION */;
/*!40101 SET NAMES utf8mb4 */;

--
-- Database: `eclast`
--

-- --------------------------------------------------------

--
-- Table structure for table `master_category`
--

CREATE TABLE `master_category` (
  `id` int(15) NOT NULL,
  `cat_name` varchar(30) NOT NULL,
  `cat_slug` varchar(50) NOT NULL,
  `merek` varchar(30) NOT NULL,
  `merek_slug` varchar(50) NOT NULL,
  `status` int(11) NOT NULL,
  `status_temp` int(11) NOT NULL
) ENGINE=InnoDB DEFAULT CHARSET=latin1;

--
-- Dumping data for table `master_category`
--

INSERT INTO `master_category` (`id`, `cat_name`, `cat_slug`, `merek`, `merek_slug`, `status`, `status_temp`) VALUES
(1, 'Tas Wanita', 'tas-wanita', '', '', 0, 0),
(2, 'Sepatu Wanita', 'sepatu-wanita', '', '', 0, 0),
(3, 'Jam Tangan', 'jam-tangan', '', '', 0, 0),
(4, 'Kaca Mata', 'kaca-mata', '', '', 0, 0),
(33, 'Jam Tangan', 'jam-tangan', 'FOSSIL', 'fossil', 0, 1),
(34, 'Jam Tangan', 'jam-tangan', 'MERK LAIN', 'merk-lain', 0, 1),
(35, 'Jam Tangan', 'jam-tangan', 'SWAROVSKI', 'swarovski', 0, 0),
(36, 'Jam Tangan', 'jam-tangan', 'BVLGARI', 'bvlgari', 0, 0),
(37, 'Jam Tangan', 'jam-tangan', 'GC (GUESS COLLECTION)', 'gc-(guess-collection)', 0, 0),
(38, 'Jam Tangan', 'jam-tangan', 'EXPEDITION ORIGINAL', 'expedition-original', 0, 0),
(39, 'Jam Tangan', 'jam-tangan', 'COUPLE', 'couple', 0, 1),
(40, 'Jam Tangan', 'jam-tangan', 'AIGNER', 'aigner', 0, 0),
(41, 'Jam Tangan', 'jam-tangan', 'RICHARD MILLE (RM)', 'richard-mille-(rm)', 0, 0),
(42, 'Jam Tangan', 'jam-tangan', 'CASIO KW', 'casio-kw', 0, 0),
(43, 'Jam Tangan', 'jam-tangan', 'HUSH PUPPIES (HP)', 'hush-puppies-(hp)', 0, 0),
(44, 'Jam Tangan', 'jam-tangan', 'GUCCI', 'gucci', 0, 0),
(45, 'Jam Tangan', 'jam-tangan', 'MONTBLANC', 'montblanc', 0, 0),
(46, 'Jam Tangan', 'jam-tangan', 'DKNY', 'dkny', 0, 0),
(47, 'Jam Tangan', 'jam-tangan', 'ROLEX', 'rolex', 0, 0),
(48, 'Jam Tangan', 'jam-tangan', 'MICHAEL KORS (MK)', 'michael-kors-(mk)', 0, 0),
(49, 'Jam Tangan', 'jam-tangan', 'KACAMATA', 'kacamata', 0, 0),
(50, 'Jam Tangan', 'jam-tangan', 'KACAMATA DIOR', 'kacamata-dior', 0, 0),
(51, 'Jam Tangan', 'jam-tangan', 'GUESS (GS)', 'guess-(gs)', 0, 0),
(52, 'Jam Tangan', 'jam-tangan', 'AUDEMARS PIGUET', 'audemars-piguet', 0, 0),
(53, 'Jam Tangan', 'jam-tangan', 'ADIDAS', 'adidas', 0, 1),
(54, 'Jam Tangan', 'jam-tangan', 'SWISS ARMY (SA)', 'swiss-army-(sa)', 0, 1),
(55, 'Jam Tangan', 'jam-tangan', 'REDDINGTON ORIGINAL', 'reddington-original', 0, 1),
(56, 'Jam Tangan', 'jam-tangan', 'RIP CURL (RC)', 'rip-curl-(rc)', 0, 1),
(57, 'Jam Tangan', 'jam-tangan', 'CALVIN KLEIN (CK)', 'calvin-klein-(ck)', 0, 1),
(58, 'Jam Tangan', 'jam-tangan', 'CHANEL', 'chanel', 0, 1),
(59, 'Jam Tangan', 'jam-tangan', 'GENEVA', 'geneva', 0, 1),
(62, 'Sepatu & Sandal', 'sepatu-dan-sandal', 'CONVERSE', 'converse', 0, 1),
(63, 'Sepatu & Sandal', 'sepatu-dan-sandal', 'VANS', 'vans', 0, 1),
(64, 'Sepatu & Sandal', 'sepatu-dan-sandal', 'NIKE', 'nike', 0, 1),
(65, 'Sepatu & Sandal', 'sepatu-dan-sandal', 'NEW BALANCE', 'new-balance', 0, 1),
(66, 'Sepatu & Sandal', 'sepatu-dan-sandal', 'MOOFEAT', 'moofeat', 0, 1);

-- --------------------------------------------------------

--
-- Table structure for table `master_customer`
--

CREATE TABLE `master_customer` (
  `id` int(12) NOT NULL,
  `username` varchar(50) NOT NULL,
  `password` varchar(100) NOT NULL,
  `nama_lengkap` varchar(70) NOT NULL,
  `no_hp` varchar(50) NOT NULL,
  `alamat` text NOT NULL,
  `tanggal_daftar` datetime NOT NULL DEFAULT CURRENT_TIMESTAMP
) ENGINE=InnoDB DEFAULT CHARSET=latin1;

--
-- Dumping data for table `master_customer`
--

INSERT INTO `master_customer` (`id`, `username`, `password`, `nama_lengkap`, `no_hp`, `alamat`, `tanggal_daftar`) VALUES
(1, 'yasinmuhajirin@gmail.com', 'zcbsdbsdgwegwet23', '', '', '', '2018-01-06 20:09:59'),
(2, 'yasimuhajirin@gmail.com', 'zcbsdbsdgwegwet23', '', '', '', '2018-01-06 20:09:59');

-- --------------------------------------------------------

--
-- Table structure for table `master_product`
--

CREATE TABLE `master_product` (
  `id` mediumint(12) NOT NULL,
  `id_category` int(12) NOT NULL,
  `eclast_code` varchar(30) DEFAULT NULL,
  `supplier_code` varchar(30) DEFAULT NULL,
  `name` varchar(200) DEFAULT NULL,
  `slug` varchar(200) NOT NULL,
  `supplier_price` float DEFAULT '0',
  `eclast_price` float NOT NULL DEFAULT '0',
  `description` text,
  `main_image` varchar(50) DEFAULT NULL,
  `date_created` datetime NOT NULL DEFAULT CURRENT_TIMESTAMP,
  `merek` varchar(50) NOT NULL,
  `codelExpedisi` int(50) NOT NULL,
  `status` int(11) NOT NULL,
  `status_temp` int(11) NOT NULL
) ENGINE=InnoDB DEFAULT CHARSET=latin1;

--
-- Dumping data for table `master_product`
--

INSERT INTO `master_product` (`id`, `id_category`, `eclast_code`, `supplier_code`, `name`, `slug`, `supplier_price`, `eclast_price`, `description`, `main_image`, `date_created`, `merek`, `codelExpedisi`, `status`, `status_temp`) VALUES
(724, 1, 'ECL-TSW-248707652', '248707652', 'TAS RANSEL WANITA SOPHIE MARTIN PARIS KEANA T3997P3 BACKPACK KULIT ORI', 'tas-ransel-wanita-sophie-martin-paris-keana-t3997p3-backpack-kulit-ori', 199900, 206900, ' T3977B5 - TAS FRAIN<br/><br/>READY STOCK, SILAKAN LANGSUNG ATC<br/>PRODUK SELALU UPDATE, <br/>JANGAN LUPA KLIK FAVORITKAN TOKO KAMI :)<br/><br/>Cek ETALASE DOMPET WANITA kami untuk koleksi dompet lainnya<br/>Cek ETALASE TAS WANITA kami untuk koleksi tas lainnya<br/><br/>DISTRIBUTOR RESMI SOPHIE MARTIN PARIS INDONESIA<br/>100% BARANG ORIGINAL<br/>TANGAN PERTAMA, BARANG READY STOCK<br/>TERLENGKAP, TERUPDATE, TERMURAH<br/>MENERIMA RESELLER DAN DROPSHIPPER<br/><br/>Tas cangklong berbahan kulit sintetis berwarna hitam kombinasi marun. terdiri dari 1 kantong resleting utama; 1 kantong resleting didalam  dan 1 kantong HP. ; Shoulder Bag; Bowler; PVC; Black; 31X13X24 cm; <br/>.<br/>.<br/>.<br/>#tas #tasbranded #tasmurah #tascantik #tasimport #tassophie #tassophiemartin #tassophieparis #tasoriginal #tasdiskon #tassale #taskerja #tasbaru #taskulit #tasfashion #tasselempang #tasimportmurah #taskorea #taslucu #tascantik', 'ecl-tsw-248707652', '2018-01-08 22:14:17', 'Sophie Martin', 0, 0, 0),
(725, 1, 'ECL-TSW-248707643', '248707643', 'TAS SELEMPANG WANITA SOPHIE MARTIN PARIS FRAIN T3977B5 KULIT PREMIUM', 'tas-selempang-wanita-sophie-martin-paris-frain-t3977b5-kulit-premium', 299900, 306900, ' T3977B5 - TAS FRAIN<br/><br/>READY STOCK, SILAKAN LANGSUNG ATC<br/>PRODUK SELALU UPDATE, <br/>JANGAN LUPA KLIK FAVORITKAN TOKO KAMI :)<br/><br/>Cek ETALASE DOMPET WANITA kami untuk koleksi dompet lainnya<br/>Cek ETALASE TAS WANITA kami untuk koleksi tas lainnya<br/><br/>DISTRIBUTOR RESMI SOPHIE MARTIN PARIS INDONESIA<br/>100% BARANG ORIGINAL<br/>TANGAN PERTAMA, BARANG READY STOCK<br/>TERLENGKAP, TERUPDATE, TERMURAH<br/>MENERIMA RESELLER DAN DROPSHIPPER<br/><br/>Tas cangklong berbahan kulit sintetis berwarna hitam kombinasi marun. terdiri dari 1 kantong resleting utama; 1 kantong resleting didalam  dan 1 kantong HP. ; Shoulder Bag; Bowler; PVC; Black; 31X13X24 cm; <br/>.<br/>.<br/>.<br/>#tas #tasbranded #tasmurah #tascantik #tasimport #tassophie #tassophiemartin #tassophieparis #tasoriginal #tasdiskon #tassale #taskerja #tasbaru #taskulit #tasfashion #tasselempang #tasimportmurah #taskorea #taslucu #tascantik', 'ecl-tsw-248707643', '2018-01-08 22:16:21', 'Sophie Martin', 0, 0, 0),
(726, 1, 'ECL-TSW-248707638', '248707638', 'TAS RANSEL WANITA SOPHIE MARTIN PARIS GEETA T3955B7 KULIT COKLAT KERJA', 'tas-ransel-wanita-sophie-martin-paris-geeta-t3955b7-kulit-coklat-kerja', 229900, 236900, ' T3977B5 - TAS FRAIN<br/><br/>READY STOCK, SILAKAN LANGSUNG ATC<br/>PRODUK SELALU UPDATE, <br/>JANGAN LUPA KLIK FAVORITKAN TOKO KAMI :)<br/><br/>Cek ETALASE DOMPET WANITA kami untuk koleksi dompet lainnya<br/>Cek ETALASE TAS WANITA kami untuk koleksi tas lainnya<br/><br/>DISTRIBUTOR RESMI SOPHIE MARTIN PARIS INDONESIA<br/>100% BARANG ORIGINAL<br/>TANGAN PERTAMA, BARANG READY STOCK<br/>TERLENGKAP, TERUPDATE, TERMURAH<br/>MENERIMA RESELLER DAN DROPSHIPPER<br/><br/>Tas cangklong berbahan kulit sintetis berwarna hitam kombinasi marun. terdiri dari 1 kantong resleting utama; 1 kantong resleting didalam  dan 1 kantong HP. ; Shoulder Bag; Bowler; PVC; Black; 31X13X24 cm; <br/>.<br/>.<br/>.<br/>#tas #tasbranded #tasmurah #tascantik #tasimport #tassophie #tassophiemartin #tassophieparis #tasoriginal #tasdiskon #tassale #taskerja #tasbaru #taskulit #tasfashion #tasselempang #tasimportmurah #taskorea #taslucu #tascantik', 'ecl-tsw-248707638', '2018-01-08 22:16:39', 'Sophie Martin', 0, 0, 0),
(727, 1, 'ECL-TSW-248707611', '248707611', 'TAS SELEMPANG WANITA SOPHIE MARTIN PARIS NORA T3885G1 KULIT PREMIUM LV', 'tas-selempang-wanita-sophie-martin-paris-nora-t3885g1-kulit-premium-lv', 449900, 456900, ' T3977B5 - TAS FRAIN<br/><br/>READY STOCK, SILAKAN LANGSUNG ATC<br/>PRODUK SELALU UPDATE, <br/>JANGAN LUPA KLIK FAVORITKAN TOKO KAMI :)<br/><br/>Cek ETALASE DOMPET WANITA kami untuk koleksi dompet lainnya<br/>Cek ETALASE TAS WANITA kami untuk koleksi tas lainnya<br/><br/>DISTRIBUTOR RESMI SOPHIE MARTIN PARIS INDONESIA<br/>100% BARANG ORIGINAL<br/>TANGAN PERTAMA, BARANG READY STOCK<br/>TERLENGKAP, TERUPDATE, TERMURAH<br/>MENERIMA RESELLER DAN DROPSHIPPER<br/><br/>Tas cangklong berbahan kulit sintetis berwarna hitam kombinasi marun. terdiri dari 1 kantong resleting utama; 1 kantong resleting didalam  dan 1 kantong HP. ; Shoulder Bag; Bowler; PVC; Black; 31X13X24 cm; <br/>.<br/>.<br/>.<br/>#tas #tasbranded #tasmurah #tascantik #tasimport #tassophie #tassophiemartin #tassophieparis #tasoriginal #tasdiskon #tassale #taskerja #tasbaru #taskulit #tasfashion #tasselempang #tasimportmurah #taskorea #taslucu #tascantik', 'ecl-tsw-248707611', '2018-01-08 22:19:11', 'Sophie Martin', 0, 0, 0),
(728, 1, 'ECL-TSW-248707604', '248707604', 'TAS SELEMPANG WANITA SOPHIE MARTIN PARIS ALLITA T3875B4 KREM CREAM ORI', 'tas-selempang-wanita-sophie-martin-paris-allita-t3875b4-krem-cream-ori', 349900, 356900, ' T3977B5 - TAS FRAIN<br/><br/>READY STOCK, SILAKAN LANGSUNG ATC<br/>PRODUK SELALU UPDATE, <br/>JANGAN LUPA KLIK FAVORITKAN TOKO KAMI :)<br/><br/>Cek ETALASE DOMPET WANITA kami untuk koleksi dompet lainnya<br/>Cek ETALASE TAS WANITA kami untuk koleksi tas lainnya<br/><br/>DISTRIBUTOR RESMI SOPHIE MARTIN PARIS INDONESIA<br/>100% BARANG ORIGINAL<br/>TANGAN PERTAMA, BARANG READY STOCK<br/>TERLENGKAP, TERUPDATE, TERMURAH<br/>MENERIMA RESELLER DAN DROPSHIPPER<br/><br/>Tas cangklong berbahan kulit sintetis berwarna hitam kombinasi marun. terdiri dari 1 kantong resleting utama; 1 kantong resleting didalam  dan 1 kantong HP. ; Shoulder Bag; Bowler; PVC; Black; 31X13X24 cm; <br/>.<br/>.<br/>.<br/>#tas #tasbranded #tasmurah #tascantik #tasimport #tassophie #tassophiemartin #tassophieparis #tasoriginal #tasdiskon #tassale #taskerja #tasbaru #taskulit #tasfashion #tasselempang #tasimportmurah #taskorea #taslucu #tascantik', 'ecl-tsw-248707604', '2018-01-08 22:20:03', 'Sophie Martin', 0, 0, 0),
(729, 1, 'ECL-TSW-248707599', '248707599', 'TAS SELEMPANG WANITA SOPHIE MARTIN PARIS BRUNELLA T3864N1 KULIT BIRU', 'tas-selempang-wanita-sophie-martin-paris-brunella-t3864n1-kulit-biru', 299900, 306900, ' T3977B5 - TAS FRAIN<br/><br/>READY STOCK, SILAKAN LANGSUNG ATC<br/>PRODUK SELALU UPDATE, <br/>JANGAN LUPA KLIK FAVORITKAN TOKO KAMI :)<br/><br/>Cek ETALASE DOMPET WANITA kami untuk koleksi dompet lainnya<br/>Cek ETALASE TAS WANITA kami untuk koleksi tas lainnya<br/><br/>DISTRIBUTOR RESMI SOPHIE MARTIN PARIS INDONESIA<br/>100% BARANG ORIGINAL<br/>TANGAN PERTAMA, BARANG READY STOCK<br/>TERLENGKAP, TERUPDATE, TERMURAH<br/>MENERIMA RESELLER DAN DROPSHIPPER<br/><br/>Tas cangklong berbahan kulit sintetis berwarna hitam kombinasi marun. terdiri dari 1 kantong resleting utama; 1 kantong resleting didalam  dan 1 kantong HP. ; Shoulder Bag; Bowler; PVC; Black; 31X13X24 cm; <br/>.<br/>.<br/>.<br/>#tas #tasbranded #tasmurah #tascantik #tasimport #tassophie #tassophiemartin #tassophieparis #tasoriginal #tasdiskon #tassale #taskerja #tasbaru #taskulit #tasfashion #tasselempang #tasimportmurah #taskorea #taslucu #tascantik', 'ecl-tsw-248707599', '2018-01-08 22:20:14', 'Sophie Martin', 0, 0, 0),
(730, 1, 'ECL-TSW-248707590', '248707590', 'TAS RANSEL WANITA SOPHIE MARTIN PARIS TAURIEL T3713O1 KULIT PREMIUM LV', 'tas-ransel-wanita-sophie-martin-paris-tauriel-t3713o1-kulit-premium-lv', 328900, 335900, ' T3977B5 - TAS FRAIN<br/><br/>READY STOCK, SILAKAN LANGSUNG ATC<br/>PRODUK SELALU UPDATE, <br/>JANGAN LUPA KLIK FAVORITKAN TOKO KAMI :)<br/><br/>Cek ETALASE DOMPET WANITA kami untuk koleksi dompet lainnya<br/>Cek ETALASE TAS WANITA kami untuk koleksi tas lainnya<br/><br/>DISTRIBUTOR RESMI SOPHIE MARTIN PARIS INDONESIA<br/>100% BARANG ORIGINAL<br/>TANGAN PERTAMA, BARANG READY STOCK<br/>TERLENGKAP, TERUPDATE, TERMURAH<br/>MENERIMA RESELLER DAN DROPSHIPPER<br/><br/>Tas cangklong berbahan kulit sintetis berwarna hitam kombinasi marun. terdiri dari 1 kantong resleting utama; 1 kantong resleting didalam  dan 1 kantong HP. ; Shoulder Bag; Bowler; PVC; Black; 31X13X24 cm; <br/>.<br/>.<br/>.<br/>#tas #tasbranded #tasmurah #tascantik #tasimport #tassophie #tassophiemartin #tassophieparis #tasoriginal #tasdiskon #tassale #taskerja #tasbaru #taskulit #tasfashion #tasselempang #tasimportmurah #taskorea #taslucu #tascantik', 'ecl-tsw-248707590', '2018-01-08 22:20:23', 'Sophie Martin', 0, 0, 0),
(731, 1, 'ECL-TSW-226535998', '226535998', 'TAS SOPHIE MARTIN SELEMPANG WANITA IMPORT CLOVE T3915C7 KREM KOREA ORI', 'tas-sophie-martin-selempang-wanita-import-clove-t3915c7-krem-korea-ori', 239900, 246900, ' T3977B5 - TAS FRAIN<br/><br/>READY STOCK, SILAKAN LANGSUNG ATC<br/>PRODUK SELALU UPDATE, <br/>JANGAN LUPA KLIK FAVORITKAN TOKO KAMI :)<br/><br/>Cek ETALASE DOMPET WANITA kami untuk koleksi dompet lainnya<br/>Cek ETALASE TAS WANITA kami untuk koleksi tas lainnya<br/><br/>DISTRIBUTOR RESMI SOPHIE MARTIN PARIS INDONESIA<br/>100% BARANG ORIGINAL<br/>TANGAN PERTAMA, BARANG READY STOCK<br/>TERLENGKAP, TERUPDATE, TERMURAH<br/>MENERIMA RESELLER DAN DROPSHIPPER<br/><br/>Tas cangklong berbahan kulit sintetis berwarna hitam kombinasi marun. terdiri dari 1 kantong resleting utama; 1 kantong resleting didalam  dan 1 kantong HP. ; Shoulder Bag; Bowler; PVC; Black; 31X13X24 cm; <br/>.<br/>.<br/>.<br/>#tas #tasbranded #tasmurah #tascantik #tasimport #tassophie #tassophiemartin #tassophieparis #tasoriginal #tasdiskon #tassale #taskerja #tasbaru #taskulit #tasfashion #tasselempang #tasimportmurah #taskorea #taslucu #tascantik', 'ecl-tsw-226535998', '2018-01-08 22:21:15', 'Sophie Martin', 0, 0, 0),
(732, 1, 'ECL-TSW-226535026', '226535026', 'TAS SOPHIE MARTIN SELEMPANG WANITA IMPORT GAIA T3896B5 BRANDED KULIT', 'tas-sophie-martin-selempang-wanita-import-gaia-t3896b5-branded-kulit', 279900, 286900, ' T3977B5 - TAS FRAIN<br/><br/>READY STOCK, SILAKAN LANGSUNG ATC<br/>PRODUK SELALU UPDATE, <br/>JANGAN LUPA KLIK FAVORITKAN TOKO KAMI :)<br/><br/>Cek ETALASE DOMPET WANITA kami untuk koleksi dompet lainnya<br/>Cek ETALASE TAS WANITA kami untuk koleksi tas lainnya<br/><br/>DISTRIBUTOR RESMI SOPHIE MARTIN PARIS INDONESIA<br/>100% BARANG ORIGINAL<br/>TANGAN PERTAMA, BARANG READY STOCK<br/>TERLENGKAP, TERUPDATE, TERMURAH<br/>MENERIMA RESELLER DAN DROPSHIPPER<br/><br/>Tas cangklong berbahan kulit sintetis berwarna hitam kombinasi marun. terdiri dari 1 kantong resleting utama; 1 kantong resleting didalam  dan 1 kantong HP. ; Shoulder Bag; Bowler; PVC; Black; 31X13X24 cm; <br/>.<br/>.<br/>.<br/>#tas #tasbranded #tasmurah #tascantik #tasimport #tassophie #tassophiemartin #tassophieparis #tasoriginal #tasdiskon #tassale #taskerja #tasbaru #taskulit #tasfashion #tasselempang #tasimportmurah #taskorea #taslucu #tascantik', 'ecl-tsw-226535026', '2018-01-08 22:23:36', 'Sophie Martin', 0, 0, 0),
(733, 1, 'ECL-TSW-233551842', '233551842', 'TAS SELEMPANG WANITA SOPHIE MARTIN GARDINER T3874G2 HIJAU KULIT KERJA', 'tas-selempang-wanita-sophie-martin-gardiner-t3874g2-hijau-kulit-kerja', 249900, 256900, ' T3977B5 - TAS FRAIN<br/><br/>READY STOCK, SILAKAN LANGSUNG ATC<br/>PRODUK SELALU UPDATE, <br/>JANGAN LUPA KLIK FAVORITKAN TOKO KAMI :)<br/><br/>Cek ETALASE DOMPET WANITA kami untuk koleksi dompet lainnya<br/>Cek ETALASE TAS WANITA kami untuk koleksi tas lainnya<br/><br/>DISTRIBUTOR RESMI SOPHIE MARTIN PARIS INDONESIA<br/>100% BARANG ORIGINAL<br/>TANGAN PERTAMA, BARANG READY STOCK<br/>TERLENGKAP, TERUPDATE, TERMURAH<br/>MENERIMA RESELLER DAN DROPSHIPPER<br/><br/>Tas cangklong berbahan kulit sintetis berwarna hitam kombinasi marun. terdiri dari 1 kantong resleting utama; 1 kantong resleting didalam  dan 1 kantong HP. ; Shoulder Bag; Bowler; PVC; Black; 31X13X24 cm; <br/>.<br/>.<br/>.<br/>#tas #tasbranded #tasmurah #tascantik #tasimport #tassophie #tassophiemartin #tassophieparis #tasoriginal #tasdiskon #tassale #taskerja #tasbaru #taskulit #tasfashion #tasselempang #tasimportmurah #taskorea #taslucu #tascantik', 'ecl-tsw-233551842', '2018-01-08 22:23:52', 'Sophie Martin', 0, 0, 0),
(734, 1, 'ECL-TSW-233550756', '233550756', 'TAS SELEMPANG WANITA SOPHIE MARTIN CHARLITTE T3866R1 MERAH KERJA BESAR', 'tas-selempang-wanita-sophie-martin-charlitte-t3866r1-merah-kerja-besar', 309900, 316900, 'READY STOCK, SILAKAN LANGSUNG ATC\nPRODUK SELALU UPDATE, \nJANGAN LUPA KLIK FAVORITKAN TOKO KAMI :)\n\nCek ETALASE DOMPET WANITA kami untuk koleksi dompet lainnya\nCek ETALASE TAS WANITA kami untuk koleksi tas lainnya\n\nDISTRIBUTOR RESMI SOPHIE MARTIN PARIS INDONESIA\n100% BARANG ORIGINAL\nTANGAN PERTAMA, BARANG READY STOCK\nTERLENGKAP, TERUPDATE, TERMURAH\nMENERIMA RESELLER DAN DROPSHIPPER\n\nTas cangklong berbahan kulit sintetis berwarna hitam kombinasi marun. terdiri dari 1 kantong resleting utama; 1 kantong resleting didalam dan 1 kantong HP. ; Shoulder Bag; Bowler; PVC; Black; 31X13X24 cm; ', 'ecl-tsw-233550756', '2018-01-08 22:25:29', 'Sophie Martin', 0, 0, 0),
(735, 1, 'ECL-TSW-233547960', '233547960', 'TAS RANSEL WANITA SOPHIE MARTIN MORGANE T3840M2 MERAH BACKPACK MURAH', 'tas-ransel-wanita-sophie-martin-morgane-t3840m2-merah-backpack-murah', 248900, 255900, 'READY STOCK, SILAKAN LANGSUNG ATC\nPRODUK SELALU UPDATE, \nJANGAN LUPA KLIK FAVORITKAN TOKO KAMI :)\n\nCek ETALASE DOMPET WANITA kami untuk koleksi dompet lainnya\nCek ETALASE TAS WANITA kami untuk koleksi tas lainnya\n\nDISTRIBUTOR RESMI SOPHIE MARTIN PARIS INDONESIA\n100% BARANG ORIGINAL\nTANGAN PERTAMA, BARANG READY STOCK\nTERLENGKAP, TERUPDATE, TERMURAH\nMENERIMA RESELLER DAN DROPSHIPPER\n\nTas cangklong berbahan kulit sintetis berwarna hitam kombinasi marun. terdiri dari 1 kantong resleting utama; 1 kantong resleting didalam dan 1 kantong HP. ; Shoulder Bag; Bowler; PVC; Black; 31X13X24 cm; ', 'ecl-tsw-233547960', '2018-01-08 22:25:45', 'Sophie Martin', 0, 0, 0),
(736, 2, 'ECL-SPW-237673262', '237673262', 'BATA Sepatu Wanita Fame Black - 6516302', 'bata-sepatu-wanita-fame-black---6516302', 299900, 306900, NULL, 'ecl-spw-237673262', '2018-01-20 21:11:19', 'Bata', 0, 0, 0),
(737, 2, 'ECL-SPW-216760246', '216760246', 'Sepatu Wanita Bata Q117 - 5516428', 'sepatu-wanita-bata-q117---5516428', 199900, 206900, NULL, 'ecl-spw-216760246', '2018-01-20 21:11:22', 'Bata', 0, 0, 0),
(738, 2, 'ECL-SPW-216624978', '216624978', 'Sepatu Wanita Bata Q117 - 7516442', 'sepatu-wanita-bata-q117---7516442', 149950, 156950, NULL, 'ecl-spw-216624978', '2018-01-20 21:11:29', 'Bata', 0, 0, 0),
(739, 2, 'ECL-SPW-202012873', '202012873', 'Sepatu Wanita Bata CATHY - 5514604', 'sepatu-wanita-bata-cathy---5514604', 229900, 236900, NULL, 'ecl-spw-202012873', '2018-01-20 21:11:32', 'Bata', 0, 0, 0),
(740, 2, 'ECL-SPW-202012741', '202012741', 'Sepatu Wanita Bata VALTI - 5513165', 'sepatu-wanita-bata-valti---5513165', 229900, 236900, NULL, 'ecl-spw-202012741', '2018-01-20 21:11:35', 'Bata', 0, 0, 0),
(741, 2, 'ECL-SPW-202010368', '202010368', 'Sepatu Wanita Bata WESLY Blue - 7519216', 'sepatu-wanita-bata-wesly-blue---7519216', 299900, 306900, NULL, 'ecl-spw-202010368', '2018-01-20 21:11:39', 'Bata', 0, 0, 0),
(742, 2, 'ECL-SPW-202010186', '202010186', 'Sepatu Wanita Bata WESLY - 7516216', 'sepatu-wanita-bata-wesly---7516216', 299900, 306900, NULL, 'ecl-spw-202010186', '2018-01-20 21:11:42', 'Bata', 0, 0, 0),
(743, 2, 'ECL-SPW-202009498', '202009498', 'Sepatu Wanita Bata Felic - 6516119', 'sepatu-wanita-bata-felic---6516119', 349900, 356900, NULL, 'ecl-spw-202009498', '2018-01-20 21:11:46', 'Bata', 0, 0, 0),
(744, 2, 'ECL-SPW-202009342', '202009342', 'Sepatu Wanita Bata Felic - 6515119', 'sepatu-wanita-bata-felic---6515119', 349900, 356900, NULL, 'ecl-spw-202009342', '2018-01-20 21:11:49', 'Bata', 0, 0, 0),
(745, 2, 'ECL-SPW-202009031', '202009031', 'Sepatu Wanita Bata Felic - 6514119', 'sepatu-wanita-bata-felic---6514119', 349900, 356900, NULL, 'ecl-spw-202009031', '2018-01-20 21:11:54', 'Bata', 0, 0, 0),
(746, 2, 'ECL-SPW-202007500', '202007500', 'Sepatu Wanita Bata CATHY - 5516604', 'sepatu-wanita-bata-cathy---5516604', 229900, 236900, NULL, 'ecl-spw-202007500', '2018-01-20 21:11:58', 'Bata', 0, 0, 0),
(747, 2, 'ECL-SPW-194291284', '194291284', 'Sepatu Wanita Bata Collu Black - 5516318', 'sepatu-wanita-bata-collu-black---5516318', 149950, 156950, NULL, 'ecl-spw-194291284', '2018-01-20 21:12:07', 'Bata', 0, 0, 0),
(748, 2, 'ECL-SPW-194290875', '194290875', 'Sepatu Bata Hedda Brown - 6614105', 'sepatu-bata-hedda-brown---6614105', 149950, 156950, NULL, 'ecl-spw-194290875', '2018-01-20 21:12:20', 'Bata', 0, 0, 0),
(749, 2, 'ECL-SPW-194290537', '194290537', 'Sepatu Wanita Bata VALTI 5515314', 'sepatu-wanita-bata-valti-5515314', 114950, 121950, NULL, 'ecl-spw-194290537', '2018-01-20 21:12:24', 'Bata', 0, 0, 0),
(750, 2, 'ECL-SPW-194255910', '194255910', 'Sepatu Wanita Bata Q116 Taupe - 6518426', 'sepatu-wanita-bata-q116-taupe---6518426', 224950, 231950, NULL, 'ecl-spw-194255910', '2018-01-20 21:12:36', 'Bata', 0, 0, 0),
(751, 2, 'ECL-SPW-194254796', '194254796', 'Sepatu Wanita Bata Q315 Isha Brown - 5514288', 'sepatu-wanita-bata-q315-isha-brown---5514288', 229900, 236900, NULL, 'ecl-spw-194254796', '2018-01-20 21:12:50', 'Bata', 0, 0, 0),
(752, 2, 'ECL-SPW-194237772', '194237772', 'Sepatu Wanita Bata URSUL - 5519191', 'sepatu-wanita-bata-ursul---5519191', 149900, 156900, NULL, 'ecl-spw-194237772', '2018-01-20 21:13:00', 'Bata', 0, 0, 0),
(753, 2, 'ECL-SPW-194231824', '194231824', 'Sepatu Bata Cella Blue - 5519436', 'sepatu-bata-cella-blue---5519436', 199900, 206900, NULL, 'ecl-spw-194231824', '2018-01-20 21:13:09', 'Bata', 0, 0, 0),
(754, 2, 'ECL-SPW-194230837', '194230837', 'Sepatu Wanita Bata Ursul Black - 5516128', 'sepatu-wanita-bata-ursul-black---5516128', 179900, 186900, NULL, 'ecl-spw-194230837', '2018-01-20 21:13:18', 'Bata', 0, 0, 0),
(755, 2, 'ECL-SPW-194224404', '194224404', 'Sepatu Wanita Bata VALOR - 5515421', 'sepatu-wanita-bata-valor---5515421', 199900, 206900, NULL, 'ecl-spw-194224404', '2018-01-20 21:13:27', 'Bata', 0, 0, 0),
(756, 2, 'ECL-SPW-194223236', '194223236', 'Sepatu Bata Dairy Black - 6516353', 'sepatu-bata-dairy-black---6516353', 124950, 131950, NULL, 'ecl-spw-194223236', '2018-01-20 21:13:37', 'Bata', 0, 0, 0),
(757, 2, 'ECL-SPW-194217098', '194217098', 'Sepatu Bata Tracy Black - 5516471', 'sepatu-bata-tracy-black---5516471', 149900, 156900, NULL, 'ecl-spw-194217098', '2018-01-20 21:13:44', 'Bata', 0, 0, 0),
(758, 2, 'ECL-SPW-194183981', '194183981', 'Sepatu Wanita Bata DAISY - 5316166', 'sepatu-wanita-bata-daisy---5316166', 149900, 156900, NULL, 'ecl-spw-194183981', '2018-01-20 21:13:57', 'Bata', 0, 0, 0),
(759, 2, 'ECL-SPW-194075508', '194075508', 'Sepatu Bata Wesli Black - 6516358', 'sepatu-bata-wesli-black---6516358', 124950, 131950, NULL, 'ecl-spw-194075508', '2018-01-20 21:14:12', 'Bata', 0, 0, 0),
(760, 3, 'ECL-JMT-243336435', '243336435', 'Garmin Fenix 5S Frost Blue Band', 'garmin-fenix-5s-frost-blue-band', 9500000, 9507000, NULL, 'ecl-jmt-243336435', '2018-01-21 20:51:24', 'Garmin', 0, 0, 0),
(761, 3, 'ECL-JMT-243336386', '243336386', 'Garmin Forerunner 35 Limelight', 'garmin-forerunner-35-limelight', 3400000, 3407000, NULL, 'ecl-jmt-243336386', '2018-01-21 20:51:34', 'Garmin', 0, 0, 0),
(762, 3, 'ECL-JMT-243336346', '243336346', 'Garmin Forerunner 35 Frost Blue', 'garmin-forerunner-35-frost-blue', 3400000, 3407000, NULL, 'ecl-jmt-243336346', '2018-01-21 20:51:43', 'Garmin', 0, 0, 0),
(763, 3, 'ECL-JMT-243336292', '243336292', 'Garmin Forerunner 35 Black', 'garmin-forerunner-35-black', 3400000, 3407000, NULL, 'ecl-jmt-243336292', '2018-01-21 20:51:45', 'Garmin', 0, 0, 0),
(764, 3, 'ECL-JMT-243336244', '243336244', 'Garmin Vivoactive HR Black', 'garmin-vivoactive-hr-black', 4000000, 4007000, NULL, 'ecl-jmt-243336244', '2018-01-21 20:51:51', 'Garmin', 0, 0, 0),
(765, 3, 'ECL-JMT-243336198', '243336198', 'Garmin Vivosmart 3 Purple/Rose Gold', 'garmin-vivosmart-3-purple/rose-gold', 2400000, 2407000, NULL, 'ecl-jmt-243336198', '2018-01-21 20:51:58', 'Garmin', 0, 0, 0),
(766, 3, 'ECL-JMT-243336151', '243336151', 'Garmin Vivosmart 3 Blue/Silver', 'garmin-vivosmart-3-blue/silver', 2400000, 2407000, NULL, 'ecl-jmt-243336151', '2018-01-21 20:52:06', 'Garmin', 0, 0, 0),
(767, 3, 'ECL-JMT-243336108', '243336108', 'Garmin Vivosmart 3 Black/Rose Gold', 'garmin-vivosmart-3-black/rose-gold', 2400000, 2407000, NULL, 'ecl-jmt-243336108', '2018-01-21 20:52:14', 'Garmin', 0, 0, 0),
(768, 3, 'ECL-JMT-243336074', '243336074', 'Garmin Vivosmart 3 Black/Silver', 'garmin-vivosmart-3-black/silver', 2400000, 2407000, NULL, 'ecl-jmt-243336074', '2018-01-21 20:52:21', 'Garmin', 0, 0, 0),
(769, 3, 'ECL-JMT-243336020', '243336020', 'Garmin Vivosmart HR+ Purple', 'garmin-vivosmart-hr+-purple', 3300000, 3307000, NULL, 'ecl-jmt-243336020', '2018-01-21 20:52:30', 'Garmin', 0, 0, 0),
(770, 3, 'ECL-JMT-243335975', '243335975', 'Garmin Vivosmart HR+ Blue', 'garmin-vivosmart-hr+-blue', 3300000, 3307000, NULL, 'ecl-jmt-243335975', '2018-01-21 20:52:38', 'Garmin', 0, 0, 0),
(771, 3, 'ECL-JMT-243335942', '243335942', 'Garmin Vivosmart HR+ Black', 'garmin-vivosmart-hr+-black', 3300000, 3307000, NULL, 'ecl-jmt-243335942', '2018-01-21 20:52:44', 'Garmin', 0, 0, 0),
(772, 3, 'ECL-JMT-243335909', '243335909', 'Garmin Vivosmart HR Purple', 'garmin-vivosmart-hr-purple', 2500000, 2507000, NULL, 'ecl-jmt-243335909', '2018-01-21 20:52:52', 'Garmin', 0, 0, 0),
(773, 3, 'ECL-JMT-243335873', '243335873', 'Garmin Vivosmart HR Blue', 'garmin-vivosmart-hr-blue', 2500000, 2507000, NULL, 'ecl-jmt-243335873', '2018-01-21 20:52:57', 'Garmin', 0, 0, 0),
(774, 3, 'ECL-JMT-243335825', '243335825', 'Garmin Vivosmart HR Black', 'garmin-vivosmart-hr-black', 2500000, 2507000, NULL, 'ecl-jmt-243335825', '2018-01-21 20:53:05', 'Garmin', 0, 0, 0),
(775, 3, 'ECL-JMT-243335766', '243335766', 'Garmin Vivofit 3 White', 'garmin-vivofit-3-white', 1499000, 1506000, NULL, 'ecl-jmt-243335766', '2018-01-21 20:53:13', 'Garmin', 0, 0, 0),
(776, 3, 'ECL-JMT-243335721', '243335721', 'Garmin Vivofit 3 Black', 'garmin-vivofit-3-black', 1499000, 1506000, NULL, 'ecl-jmt-243335721', '2018-01-21 20:53:19', 'Garmin', 0, 0, 0),
(777, 3, 'ECL-JMT-243335686', '243335686', 'Garmin Fenix 5S Carrara White', 'garmin-fenix-5s-carrara-white', 9500000, 9507000, NULL, 'ecl-jmt-243335686', '2018-01-21 20:53:25', 'Garmin', 0, 0, 0),
(778, 3, 'ECL-JMT-243335633', '243335633', 'GARMIN FORERUNNER 935 Force Yellow', 'garmin-forerunner-935-force-yellow', 7999000, 8006000, NULL, 'ecl-jmt-243335633', '2018-01-21 20:53:31', 'Garmin', 0, 0, 0),
(779, 3, 'ECL-JMT-243335577', '243335577', 'GARMIN FORERUNNER 935', 'garmin-forerunner-935', 7999000, 8006000, NULL, 'ecl-jmt-243335577', '2018-01-21 20:53:37', 'Garmin', 0, 0, 0),
(780, 3, 'ECL-JMT-243335538', '243335538', 'Garmin Fenix 5X', 'garmin-fenix-5x', 11500000, 11507000, NULL, 'ecl-jmt-243335538', '2018-01-21 20:53:41', 'Garmin', 0, 0, 0),
(781, 3, 'ECL-JMT-243335484', '243335484', 'Garmin Fenix 5S Sapphire Black', 'garmin-fenix-5s-sapphire-black', 10500000, 10507000, NULL, 'ecl-jmt-243335484', '2018-01-21 20:53:48', 'Garmin', 0, 0, 0),
(782, 3, 'ECL-JMT-243335434', '243335434', 'Garmin Fenix 5 Sapphire Black', 'garmin-fenix-5-sapphire-black', 10800000, 10807000, NULL, 'ecl-jmt-243335434', '2018-01-21 20:53:50', 'Garmin', 0, 0, 0),
(783, 3, 'ECL-JMT-243335395', '243335395', 'Garmin Fenix 5 Slate Gray', 'garmin-fenix-5-slate-gray', 9500000, 9507000, NULL, 'ecl-jmt-243335395', '2018-01-21 20:53:53', 'Garmin', 0, 0, 0),
(784, 3, 'ECL-JMT-243335335', '243335335', 'Garmin Virb Ultra 30', 'garmin-virb-ultra-30', 5799000, 5806000, NULL, 'ecl-jmt-243335335', '2018-01-21 20:54:00', 'Garmin', 0, 0, 0),
(804, 4, 'ECL-KCM-250116578', '250116578', 'O.W.L Kacamata Hitam Unisex Shades SG-16331K-C4', 'o.w.l-kacamata-hitam-unisex-shades-sg-16331k-c4', 1299000, 1306000, NULL, 'ecl-kcm-250116578', '2018-01-21 21:18:06', 'OWL', 0, 0, 0),
(805, 4, 'ECL-KCM-250115824', '250115824', 'O.W.L Kacamata Unisex Premium Black Glossy P-17118K-C1', 'o.w.l-kacamata-unisex-premium-black-glossy-p-17118k-c1', 1299000, 1306000, NULL, 'ecl-kcm-250115824', '2018-01-21 21:18:09', 'OWL', 0, 0, 0),
(806, 4, 'ECL-KCM-250112613', '250112613', 'O.W.L Kacamata Unisex Weekender Smart Tortoise Glossy WS-17243K-C2', 'o.w.l-kacamata-unisex-weekender-smart-tortoise-glossy-ws-17243k-c2', 799000, 806000, NULL, 'ecl-kcm-250112613', '2018-01-21 21:18:15', 'OWL', 0, 0, 0),
(807, 4, 'ECL-KCM-249968245', '249968245', 'O.W.L Kacamata Hitam Unisex Shades SG-16104K-C1', 'o.w.l-kacamata-hitam-unisex-shades-sg-16104k-c1', 1299000, 1306000, NULL, 'ecl-kcm-249968245', '2018-01-21 21:18:19', 'OWL', 0, 0, 0),
(808, 4, 'ECL-KCM-249829907', '249829907', 'O.W.L Kacamata Unisex Fashionista Smart Transparant FS-17237K-C4', 'o.w.l-kacamata-unisex-fashionista-smart-transparant-fs-17237k-c4', 799000, 806000, NULL, 'ecl-kcm-249829907', '2018-01-21 21:18:22', 'OWL', 0, 0, 0),
(809, 4, 'ECL-KCM-242756348', '242756348', 'O.W.L Kacamata Hitam Unisex Shades SG-16331K-C1', 'o.w.l-kacamata-hitam-unisex-shades-sg-16331k-c1', 1299000, 1306000, NULL, 'ecl-kcm-242756348', '2018-01-21 21:18:26', 'OWL', 0, 0, 0),
(810, 4, 'ECL-KCM-242756328', '242756328', 'O.W.L Kacamata Hitam Unisex Shades SG-16497K-C2', 'o.w.l-kacamata-hitam-unisex-shades-sg-16497k-c2', 1299000, 1306000, NULL, 'ecl-kcm-242756328', '2018-01-21 21:18:30', 'OWL', 0, 0, 0),
(811, 4, 'ECL-KCM-242756301', '242756301', 'O.W.L Kacamata Hitam Unisex Shades SG-16497K-C3', 'o.w.l-kacamata-hitam-unisex-shades-sg-16497k-c3', 1299000, 1306000, NULL, 'ecl-kcm-242756301', '2018-01-21 21:18:34', 'OWL', 0, 0, 0),
(812, 4, 'ECL-KCM-242756250', '242756250', 'O.W.L Kacamata Hitam Unisex Shades SG-16104K-C4', 'o.w.l-kacamata-hitam-unisex-shades-sg-16104k-c4', 1299000, 1306000, NULL, 'ecl-kcm-242756250', '2018-01-21 21:18:38', 'OWL', 0, 0, 0),
(813, 4, 'ECL-KCM-242756229', '242756229', 'O.W.L Kacamata Unisex Premium Black P-17118K-C4', 'o.w.l-kacamata-unisex-premium-black-p-17118k-c4', 1299000, 1306000, NULL, 'ecl-kcm-242756229', '2018-01-21 21:18:42', 'OWL', 0, 0, 0),
(814, 4, 'ECL-KCM-242756206', '242756206', 'O.W.L Kacamata Unisex Premium Tortoise Gold P-17153K-C4', 'o.w.l-kacamata-unisex-premium-tortoise-gold-p-17153k-c4', 1199000, 1206000, NULL, 'ecl-kcm-242756206', '2018-01-21 21:18:46', 'OWL', 0, 0, 0),
(815, 4, 'ECL-KCM-242756165', '242756165', 'O.W.L Kacamata Unisex Premium Black Doff P-17117K-C1', 'o.w.l-kacamata-unisex-premium-black-doff-p-17117k-c1', 1299000, 1306000, NULL, 'ecl-kcm-242756165', '2018-01-21 21:18:50', 'OWL', 0, 0, 0),
(816, 4, 'ECL-KCM-242756149', '242756149', 'O.W.L Kacamata Unisex Premium Tortoise P-17117K-C3', 'o.w.l-kacamata-unisex-premium-tortoise-p-17117k-c3', 1299000, 1306000, NULL, 'ecl-kcm-242756149', '2018-01-21 21:18:53', 'OWL', 0, 0, 0),
(817, 4, 'ECL-KCM-242756126', '242756126', 'O.W.L Kacamata Unisex Premium Silver P-17145K-C1', 'o.w.l-kacamata-unisex-premium-silver-p-17145k-c1', 1299000, 1306000, NULL, 'ecl-kcm-242756126', '2018-01-21 21:18:57', 'OWL', 0, 0, 0),
(818, 4, 'ECL-KCM-242756093', '242756093', 'O.W.L Kacamata Unisex Premium Gold P-17145K-C4', 'o.w.l-kacamata-unisex-premium-gold-p-17145k-c4', 1299000, 1306000, NULL, 'ecl-kcm-242756093', '2018-01-21 21:19:01', 'OWL', 0, 0, 0),
(819, 4, 'ECL-KCM-242756072', '242756072', 'O.W.L Kacamata Unisex Premium Bronze P-17187K-C2', 'o.w.l-kacamata-unisex-premium-bronze-p-17187k-c2', 1199000, 1206000, NULL, 'ecl-kcm-242756072', '2018-01-21 21:19:05', 'OWL', 0, 0, 0),
(820, 4, 'ECL-KCM-242756050', '242756050', 'O.W.L Kacamata Unisex Premium Grey Black P-17187K-C4', 'o.w.l-kacamata-unisex-premium-grey-black-p-17187k-c4', 1199000, 1206000, NULL, 'ecl-kcm-242756050', '2018-01-21 21:19:10', 'OWL', 0, 0, 0),
(821, 4, 'ECL-KCM-242756033', '242756033', 'O.W.L Kacamata Unisex Premium Brown Silver P-17181K-C3', 'o.w.l-kacamata-unisex-premium-brown-silver-p-17181k-c3', 1199000, 1206000, NULL, 'ecl-kcm-242756033', '2018-01-21 21:19:14', 'OWL', 0, 0, 0),
(822, 4, 'ECL-KCM-242756005', '242756005', 'O.W.L Kacamata Unisex Premium Silver Black P-17081K-C3', 'o.w.l-kacamata-unisex-premium-silver-black-p-17081k-c3', 1199000, 1206000, NULL, 'ecl-kcm-242756005', '2018-01-21 21:19:19', 'OWL', 0, 0, 0),
(823, 4, 'ECL-KCM-242755973', '242755973', 'O.W.L Kacamata Unisex Premium Black Gold P-16275K-C1', 'o.w.l-kacamata-unisex-premium-black-gold-p-16275k-c1', 1399000, 1406000, NULL, 'ecl-kcm-242755973', '2018-01-21 21:19:24', 'OWL', 0, 0, 0),
(824, 4, 'ECL-KCM-242755958', '242755958', 'O.W.L Kacamata Unisex Premium Black Gold P-17184K-C4', 'o.w.l-kacamata-unisex-premium-black-gold-p-17184k-c4', 1299000, 1306000, NULL, 'ecl-kcm-242755958', '2018-01-21 21:19:28', 'OWL', 0, 0, 0),
(825, 4, 'ECL-KCM-242755934', '242755934', 'O.W.L Kacamata Unisex Premium Tortoise Purple P-17184K-C1', 'o.w.l-kacamata-unisex-premium-tortoise-purple-p-17184k-c1', 1299000, 1306000, NULL, 'ecl-kcm-242755934', '2018-01-21 21:19:33', 'OWL', 0, 0, 0),
(826, 4, 'ECL-KCM-242755912', '242755912', 'O.W.L Kacamata Unisex Premium Black Doff P-17178K-C3', 'o.w.l-kacamata-unisex-premium-black-doff-p-17178k-c3', 1199000, 1206000, NULL, 'ecl-kcm-242755912', '2018-01-21 21:19:37', 'OWL', 0, 0, 0),
(827, 4, 'ECL-KCM-242755889', '242755889', 'O.W.L Kacamata Unisex Premium Tortoise Gold P-16275K-C2', 'o.w.l-kacamata-unisex-premium-tortoise-gold-p-16275k-c2', 1399000, 1406000, NULL, 'ecl-kcm-242755889', '2018-01-21 21:19:41', 'OWL', 0, 0, 0),
(828, 4, 'ECL-KCM-242755858', '242755858', 'O.W.L Kacamata Unisex Premium Black Silver P-17082K-C3', 'o.w.l-kacamata-unisex-premium-black-silver-p-17082k-c3', 1199000, 1206000, NULL, 'ecl-kcm-242755858', '2018-01-21 21:19:45', 'OWL', 0, 0, 0),
(829, 4, 'ECL-KCM-242755834', '242755834', 'O.W.L Kacamata Unisex Premium Rose Gold P-17183K-C4', 'o.w.l-kacamata-unisex-premium-rose-gold-p-17183k-c4', 1199000, 1206000, NULL, 'ecl-kcm-242755834', '2018-01-21 21:19:50', 'OWL', 0, 0, 0),
(830, 4, 'ECL-KCM-242755808', '242755808', 'O.W.L Kacamata Unisex Weekender Smart Blue Glossy WS-17245K-C3', 'o.w.l-kacamata-unisex-weekender-smart-blue-glossy-ws-17245k-c3', 799000, 806000, NULL, 'ecl-kcm-242755808', '2018-01-21 21:19:54', 'OWL', 0, 0, 0),
(831, 4, 'ECL-KCM-242755787', '242755787', 'O.W.L Kacamata Unisex Weekender Smart Black Doff WS-17245K-C1', 'o.w.l-kacamata-unisex-weekender-smart-black-doff-ws-17245k-c1', 799000, 806000, NULL, 'ecl-kcm-242755787', '2018-01-21 21:19:58', 'OWL', 0, 0, 0),
(832, 4, 'ECL-KCM-242755706', '242755706', 'O.W.L Kacamata Unisex Fashionista Smart Black FS-17237K-C2', 'o.w.l-kacamata-unisex-fashionista-smart-black-fs-17237k-c2', 799000, 806000, NULL, 'ecl-kcm-242755706', '2018-01-21 21:20:02', 'OWL', 0, 0, 0),
(833, 4, 'ECL-KCM-242755689', '242755689', 'O.W.L Kacamata Unisex Fashionista Smart Chocolate FS-17238K-C1', 'o.w.l-kacamata-unisex-fashionista-smart-chocolate-fs-17238k-c1', 799000, 806000, NULL, 'ecl-kcm-242755689', '2018-01-21 21:20:06', 'OWL', 0, 0, 0),
(835, 47, 'ECL-JMT-266398506', '266398506', 'ROLEX RO178 BLACK SILVER RING GOLD', 'rolex-ro178-black-silver-ring-gold', 185000, 192000, '            KUALITAS KW SEMI SUPER<br/>DIAMETER 4,2CM.<br/>ANALOG <br/>CHRONO DETIK<br/>TANGGAL AKTIF<br/>AUTOMATIC<br/>LEATHER.<br/>HARGA BELUM TERMASUK BOX,ATC BOX YANG DIINGINKAN DIETALASE BOX.<br/><br/>', 'ecl-jmt-266398506', '2018-03-07 21:26:48', '', 0, 0, 0),
(836, 39, 'ECL-JMT-266651868', '266651868', 'IPHONE COUPLE IP04 NAVY BLUE ROSEGOLD', 'iphone-couple-ip04-navy-blue-rosegold', 80000, 87000, '            HARGA SEPASANG<br/>KUALITAS KW SEMI SUPER <br/>DIAMETER 3,5CM &amp; 2,7CM<br/>ANALOG<br/>LEATHER<br/>FREE BATERAI CADANGAN.<br/>HARGA BELUM TERMASUK BOX,ATC BOX YANG DIINGINKAN DIETALASE BOX<br/><br/><br/><br/>', 'ecl-jmt-266651868', '2018-03-08 16:30:14', '', 0, 0, 0),
(837, 39, 'ECL-JMT-266651588', '266651588', 'IPHONE COUPLE IP04 BLACK ROSEGOLD', 'iphone-couple-ip04-black-rosegold', 80000, 87000, '            HARGA SEPASANG<br/>KUALITAS KW SEMI SUPER <br/>DIAMETER 3,5CM &amp; 2,7CM<br/>ANALOG<br/>LEATHER<br/>FREE BATERAI CADANGAN.<br/>HARGA BELUM TERMASUK BOX,ATC BOX YANG DIINGINKAN DIETALASE BOX<br/><br/><br/><br/>', 'ecl-jmt-266651588', '2018-03-08 16:30:19', '', 0, 0, 0),
(838, 34, 'ECL-JMT-266651364', '266651364', 'IPHONE COUPLE IP04 PINK ROSEGOLD', 'iphone-couple-ip04-pink-rosegold', 80000, 87000, '            HARGA SEPASANG<br/>KUALITAS KW SEMI SUPER <br/>DIAMETER 3,5CM &amp; 2,7CM<br/>ANALOG<br/>LEATHER<br/>FREE BATERAI CADANGAN.<br/>HARGA BELUM TERMASUK BOX,ATC BOX YANG DIINGINKAN DIETALASE BOX<br/><br/><br/><br/>', 'ecl-jmt-266651364', '2018-03-08 16:30:24', '', 0, 0, 0),
(839, 39, 'ECL-JMT-266651136', '266651136', 'IPHONE COUPLE IP04 RED ROSEGOLD', 'iphone-couple-ip04-red-rosegold', 80000, 87000, '            HARGA SEPASANG<br/>KUALITAS KW SEMI SUPER <br/>DIAMETER 3,5CM &amp; 2,7CM<br/>ANALOG<br/>LEATHER<br/>FREE BATERAI CADANGAN.<br/>HARGA BELUM TERMASUK BOX,ATC BOX YANG DIINGINKAN DIETALASE BOX<br/><br/><br/><br/>', 'ecl-jmt-266651136', '2018-03-08 16:30:29', '', 0, 0, 0),
(840, 39, 'ECL-JMT-266650933', '266650933', 'IPHONE COUPLE IP04 BLUE ROSEGOLD', 'iphone-couple-ip04-blue-rosegold', 80000, 87000, '            HARGA SEPASANG<br/>KUALITAS KW SEMI SUPER <br/>DIAMETER 3,5CM &amp; 2,7CM<br/>ANALOG<br/>LEATHER<br/>FREE BATERAI CADANGAN.<br/>HARGA BELUM TERMASUK BOX,ATC BOX YANG DIINGINKAN DIETALASE BOX<br/><br/><br/><br/>', 'ecl-jmt-266650933', '2018-03-08 16:30:35', '', 0, 0, 0),
(841, 39, 'ECL-JMT-266650643', '266650643', 'IPHONE COUPLE IP04 BROWN ROSEGOLD', 'iphone-couple-ip04-brown-rosegold', 80000, 87000, '            HARGA SEPASANG<br/>KUALITAS KW SEMI SUPER <br/>DIAMETER 3,5CM &amp; 2,7CM<br/>ANALOG<br/>LEATHER<br/>FREE BATERAI CADANGAN.<br/>HARGA BELUM TERMASUK BOX,ATC BOX YANG DIINGINKAN DIETALASE BOX<br/><br/><br/><br/>', 'ecl-jmt-266650643', '2018-03-08 16:30:41', '', 0, 0, 0),
(842, 34, 'ECL-JMT-266649610', '266649610', 'IPHONE 6089 BLACK ROSEGOLD', 'iphone-6089-black-rosegold', 130000, 137000, '            KUALITAS KW SEMI SUPER <br/>DIAMETER 3,8CM <br/>LED<br/>TOUCHSCREEN<br/>RANTAI<br/>FREE BATERAI CADANGAN.<br/>HARGA SUDAH TERMASUK BOX EXCLUSIVE<br/><br/><br/>', 'ecl-jmt-266649610', '2018-03-08 16:30:46', '', 0, 0, 0),
(843, 34, 'ECL-JMT-266649457', '266649457', 'IPHONE 6089 GOLD', 'iphone-6089-gold', 130000, 137000, '            KUALITAS KW SEMI SUPER <br/>DIAMETER 3,8CM <br/>LED<br/>TOUCHSCREEN<br/>RANTAI<br/>FREE BATERAI CADANGAN.<br/>HARGA SUDAH TERMASUK BOX EXCLUSIVE<br/><br/><br/>', 'ecl-jmt-266649457', '2018-03-08 16:30:49', '', 0, 0, 0),
(844, 34, 'ECL-JMT-266649274', '266649274', 'IPHONE 6089 SILVER', 'iphone-6089-silver', 130000, 137000, '            KUALITAS KW SEMI SUPER <br/>DIAMETER 3,8CM <br/>LED<br/>TOUCHSCREEN<br/>RANTAI<br/>FREE BATERAI CADANGAN.<br/>HARGA SUDAH TERMASUK BOX EXCLUSIVE<br/><br/><br/>', 'ecl-jmt-266649274', '2018-03-08 16:30:53', '', 0, 0, 0),
(845, 34, 'ECL-JMT-266649092', '266649092', 'IPHONE 6089 BLACK', 'iphone-6089-black', 130000, 137000, '            KUALITAS KW SEMI SUPER <br/>DIAMETER 3,8CM <br/>LED<br/>TOUCHSCREEN<br/>RANTAI<br/>FREE BATERAI CADANGAN.<br/>HARGA SUDAH TERMASUK BOX EXCLUSIVE<br/><br/><br/>', 'ecl-jmt-266649092', '2018-03-08 16:30:57', '', 0, 0, 0),
(846, 48, 'ECL-JMT-266648681', '266648681', 'MICHAEL KORS MK098 ROSEGOLD', 'michael-kors-mk098-rosegold', 140000, 147000, '            KUALITAS KW SUPER <br/>DIAMETER 3,5CM <br/>ANALOG<br/>CHRONO VARIASI<br/>RANTAI<br/>FREE BATERAI CADANGAN.<br/>HARGA BELUM TERMASUK BOX,ATC BOX YANG DIINGINKAN DIETALASE BOX<br/><br/><br/>', 'ecl-jmt-266648681', '2018-03-08 16:31:02', '', 0, 0, 0),
(847, 48, 'ECL-JMT-266648490', '266648490', 'MICHAEL KORS MK098 FULL ROSEGOLD', 'michael-kors-mk098-full-rosegold', 140000, 147000, '            KUALITAS KW SUPER <br/>DIAMETER 3,5CM <br/>ANALOG<br/>CHRONO VARIASI<br/>RANTAI<br/>FREE BATERAI CADANGAN.<br/>HARGA BELUM TERMASUK BOX,ATC BOX YANG DIINGINKAN DIETALASE BOX<br/><br/><br/>', 'ecl-jmt-266648490', '2018-03-08 16:31:06', '', 0, 0, 0),
(848, 48, 'ECL-JMT-266648316', '266648316', 'MICHAEL KORS MK098 ROSEGOLD BLACK', 'michael-kors-mk098-rosegold-black', 140000, 147000, '            KUALITAS KW SUPER <br/>DIAMETER 3,5CM <br/>ANALOG<br/>CHRONO VARIASI<br/>RANTAI<br/>FREE BATERAI CADANGAN.<br/>HARGA BELUM TERMASUK BOX,ATC BOX YANG DIINGINKAN DIETALASE BOX<br/><br/><br/>', 'ecl-jmt-266648316', '2018-03-08 16:31:11', '', 0, 0, 0),
(849, 48, 'ECL-JMT-266648110', '266648110', 'MICHAEL KORS MK097 SILVER BLACK', 'michael-kors-mk097-silver-black', 140000, 147000, '            KUALITAS KW SUPER <br/>DIAMETER 3,5CM <br/>ANALOG<br/>CHRONO VARIASI<br/>RANTAI<br/>FREE BATERAI CADANGAN.<br/>HARGA BELUM TERMASUK BOX,ATC BOX YANG DIINGINKAN DIETALASE BOX<br/><br/><br/>', 'ecl-jmt-266648110', '2018-03-08 16:31:22', '', 0, 0, 0),
(850, 48, 'ECL-JMT-266647909', '266647909', 'MICHAEL KORS MK098 FULL GOLD', 'michael-kors-mk098-full-gold', 140000, 147000, '            KUALITAS KW SUPER <br/>DIAMETER 3,5CM <br/>ANALOG<br/>CHRONO VARIASI<br/>RANTAI<br/>FREE BATERAI CADANGAN.<br/>HARGA BELUM TERMASUK BOX,ATC BOX YANG DIINGINKAN DIETALASE BOX<br/><br/><br/>', 'ecl-jmt-266647909', '2018-03-08 16:31:29', '', 0, 0, 0),
(851, 48, 'ECL-JMT-266647712', '266647712', 'MICHAEL KORS MK098 GOLD WHITE', 'michael-kors-mk098-gold-white', 140000, 147000, '            KUALITAS KW SUPER <br/>DIAMETER 3,5CM <br/>ANALOG<br/>CHRONO VARIASI<br/>RANTAI<br/>FREE BATERAI CADANGAN.<br/>HARGA BELUM TERMASUK BOX,ATC BOX YANG DIINGINKAN DIETALASE BOX<br/><br/><br/>', 'ecl-jmt-266647712', '2018-03-08 16:31:36', '', 0, 0, 0),
(852, 48, 'ECL-JMT-266647515', '266647515', 'MICHAEL KORS MK098 GOLD BLACK', 'michael-kors-mk098-gold-black', 140000, 147000, '            KUALITAS KW SUPER <br/>DIAMETER 3,5CM <br/>ANALOG<br/>CHRONO VARIASI<br/>RANTAI<br/>FREE BATERAI CADANGAN.<br/>HARGA BELUM TERMASUK BOX,ATC BOX YANG DIINGINKAN DIETALASE BOX<br/><br/><br/>', 'ecl-jmt-266647515', '2018-03-08 16:31:42', '', 0, 0, 0),
(853, 33, 'ECL-JMT-266646856', '266646856', 'FOSSIL FS091 COMBI ROSEGOLD', 'fossil-fs091-combi-rosegold', 43000, 50000, '            KUALITAS KW SEMI SUPER <br/>DIAMETER 2,3CM <br/>ANALOG<br/>RANTAI<br/>FREE BATERAI CADANGAN.<br/>HARGA BELUM TERMASUK BOX,ATC BOX YANG DIINGINKAN DIETALASE BOX<br/><br/><br/>', 'ecl-jmt-266646856', '2018-03-08 16:31:49', '', 0, 0, 0),
(854, 33, 'ECL-JMT-266646609', '266646609', 'FOSSIL FS091 SILVER BLACK', 'fossil-fs091-silver-black', 43000, 50000, '            KUALITAS KW SEMI SUPER <br/>DIAMETER 2,3CM <br/>ANALOG<br/>RANTAI<br/>FREE BATERAI CADANGAN.<br/>HARGA BELUM TERMASUK BOX,ATC BOX YANG DIINGINKAN DIETALASE BOX<br/><br/><br/>', 'ecl-jmt-266646609', '2018-03-08 16:31:59', '', 0, 0, 0),
(855, 33, 'ECL-JMT-266646446', '266646446', 'FOSSIL FS091 FULL GOLD', 'fossil-fs091-full-gold', 43000, 50000, '            KUALITAS KW SEMI SUPER <br/>DIAMETER 2,3CM <br/>ANALOG<br/>RANTAI<br/>FREE BATERAI CADANGAN.<br/>HARGA BELUM TERMASUK BOX,ATC BOX YANG DIINGINKAN DIETALASE BOX<br/><br/><br/>', 'ecl-jmt-266646446', '2018-03-08 16:32:09', '', 0, 0, 0),
(856, 33, 'ECL-JMT-266646229', '266646229', 'FOSSIL FS091 SILVER', 'fossil-fs091-silver', 43000, 50000, '            KUALITAS KW SEMI SUPER <br/>DIAMETER 2,3CM <br/>ANALOG<br/>RANTAI<br/>FREE BATERAI CADANGAN.<br/>HARGA BELUM TERMASUK BOX,ATC BOX YANG DIINGINKAN DIETALASE BOX<br/><br/><br/>', 'ecl-jmt-266646229', '2018-03-08 16:32:16', '', 0, 0, 0),
(857, 33, 'ECL-JMT-266646020', '266646020', 'FOSSIL FS091 BLACK', 'fossil-fs091-black', 43000, 50000, '            KUALITAS KW SEMI SUPER <br/>DIAMETER 2,3CM <br/>ANALOG<br/>RANTAI<br/>FREE BATERAI CADANGAN.<br/>HARGA BELUM TERMASUK BOX,ATC BOX YANG DIINGINKAN DIETALASE BOX<br/><br/><br/>', 'ecl-jmt-266646020', '2018-03-08 16:32:21', '', 0, 0, 0),
(858, 33, 'ECL-JMT-266645836', '266645836', 'FOSSIL FS091 ROSEGOLD', 'fossil-fs091-rosegold', 43000, 50000, '            KUALITAS KW SEMI SUPER <br/>DIAMETER 2,3CM <br/>ANALOG<br/>RANTAI<br/>FREE BATERAI CADANGAN.<br/>HARGA BELUM TERMASUK BOX,ATC BOX YANG DIINGINKAN DIETALASE BOX<br/><br/><br/>', 'ecl-jmt-266645836', '2018-03-08 16:32:27', '', 0, 0, 0),
(859, 33, 'ECL-JMT-266645664', '266645664', 'FOSSIL FS091 GOLD', 'fossil-fs091-gold', 43000, 50000, '            KUALITAS KW SEMI SUPER <br/>DIAMETER 2,3CM <br/>ANALOG<br/>RANTAI<br/>FREE BATERAI CADANGAN.<br/>HARGA BELUM TERMASUK BOX,ATC BOX YANG DIINGINKAN DIETALASE BOX<br/><br/><br/>', 'ecl-jmt-266645664', '2018-03-08 16:32:34', '', 0, 0, 0),
(860, 34, 'ECL-JMT-266644521', '266644521', 'IPHONE IP036 CREAM ROSEGOLD', 'iphone-ip036-cream-rosegold', 65000, 72000, '            KUALITAS KW SEMI SUPER <br/>DIAMETER 3,4CM <br/>LED <br/>TOUCHSCREEN<br/>LEATHER.<br/>FREE BATERAI CADANGAN.<br/>HARGA BELUM TERMASUK BOX,ATC BOX YANG DIINGINKAN DIETALASE BOX<br/><br/><br/>', 'ecl-jmt-266644521', '2018-03-08 16:32:43', '', 0, 0, 0),
(861, 34, 'ECL-JMT-266644294', '266644294', 'IPHONE IP036 GREEN ROSEGOLD', 'iphone-ip036-green-rosegold', 65000, 72000, '            KUALITAS KW SEMI SUPER <br/>DIAMETER 3,4CM <br/>LED <br/>TOUCHSCREEN<br/>LEATHER.<br/>FREE BATERAI CADANGAN.<br/>HARGA BELUM TERMASUK BOX,ATC BOX YANG DIINGINKAN DIETALASE BOX<br/><br/><br/>', 'ecl-jmt-266644294', '2018-03-08 16:32:48', '', 0, 0, 0),
(862, 34, 'ECL-JMT-266644018', '266644018', 'IPHONE IP036 RED ROSEGOLD', 'iphone-ip036-red-rosegold', 65000, 72000, '            KUALITAS KW SEMI SUPER <br/>DIAMETER 3,4CM <br/>LED <br/>TOUCHSCREEN<br/>LEATHER.<br/>FREE BATERAI CADANGAN.<br/>HARGA BELUM TERMASUK BOX,ATC BOX YANG DIINGINKAN DIETALASE BOX<br/><br/><br/>', 'ecl-jmt-266644018', '2018-03-08 16:32:54', '', 0, 0, 0),
(863, 34, 'ECL-JMT-266643813', '266643813', 'IPHONE IP036 BROWN ROSEGOLD', 'iphone-ip036-brown-rosegold', 65000, 72000, '            KUALITAS KW SEMI SUPER <br/>DIAMETER 3,4CM <br/>LED <br/>TOUCHSCREEN<br/>LEATHER.<br/>FREE BATERAI CADANGAN.<br/>HARGA BELUM TERMASUK BOX,ATC BOX YANG DIINGINKAN DIETALASE BOX<br/><br/><br/>', 'ecl-jmt-266643813', '2018-03-08 16:32:59', '', 0, 0, 0),
(864, 34, 'ECL-JMT-266643573', '266643573', 'IPHONE IP036 BLACK ROSEGOLD', 'iphone-ip036-black-rosegold', 65000, 72000, '            KUALITAS KW SEMI SUPER <br/>DIAMETER 3,4CM <br/>LED <br/>TOUCHSCREEN<br/>LEATHER.<br/>FREE BATERAI CADANGAN.<br/>HARGA BELUM TERMASUK BOX,ATC BOX YANG DIINGINKAN DIETALASE BOX<br/><br/><br/>', 'ecl-jmt-266643573', '2018-03-08 16:33:05', '', 0, 0, 0),
(865, 34, 'ECL-JMT-266643202', '266643202', 'IPHONE IP036 DARK BROWN ROSEGOLD', 'iphone-ip036-dark-brown-rosegold', 65000, 72000, '            KUALITAS KW SEMI SUPER <br/>DIAMETER 3,4CM <br/>LED <br/>TOUCHSCREEN<br/>LEATHER.<br/>FREE BATERAI CADANGAN.<br/>HARGA BELUM TERMASUK BOX,ATC BOX YANG DIINGINKAN DIETALASE BOX<br/><br/><br/>', 'ecl-jmt-266643202', '2018-03-08 16:33:11', '', 0, 0, 0),
(866, 34, 'ECL-JMT-266640846', '266640846', 'IPHONE IP036 LIGHT BROWN ROSEGOLD', 'iphone-ip036-light-brown-rosegold', 65000, 72000, '            KUALITAS KW SEMI SUPER <br/>DIAMETER 3,4CM <br/>LED <br/>TOUCHSCREEN<br/>LEATHER.<br/>FREE BATERAI CADANGAN.<br/>HARGA BELUM TERMASUK BOX,ATC BOX YANG DIINGINKAN DIETALASE BOX<br/><br/><br/>', 'ecl-jmt-266640846', '2018-03-08 16:33:16', '', 0, 0, 0),
(867, 34, 'ECL-JMT-266640683', '266640683', 'IPHONE IP036 NAVY BLUE ROSEGOLD', 'iphone-ip036-navy-blue-rosegold', 65000, 72000, '            KUALITAS KW SEMI SUPER <br/>DIAMETER 3,4CM <br/>LED <br/>TOUCHSCREEN<br/>LEATHER.<br/>FREE BATERAI CADANGAN.<br/>HARGA BELUM TERMASUK BOX,ATC BOX YANG DIINGINKAN DIETALASE BOX<br/><br/><br/>', 'ecl-jmt-266640683', '2018-03-08 16:33:24', '', 0, 0, 0),
(868, 53, 'ECL-JMT-266637835', '266637835', 'ADIDAS AD3819 PINK SOFT', 'adidas-ad3819-pink-soft', 32000, 39000, '            KUALITAS KW SEMI SUPER <br/>DIAMETER 3,8CM <br/>ANALOG<br/>RUBBER<br/>FREE BATERAI CADANGAN.<br/>HARGA BELUM TERMASUK BOX,ATC BOX YANG DIINGINKAN DIETALASE BOX<br/><br/><br/>', 'ecl-jmt-266637835', '2018-03-08 16:33:29', '', 0, 0, 0),
(869, 53, 'ECL-JMT-266637635', '266637635', 'ADIDAS AD3819 BLUE', 'adidas-ad3819-blue', 32000, 39000, '            KUALITAS KW SEMI SUPER <br/>DIAMETER 3,8CM <br/>ANALOG<br/>RUBBER<br/>FREE BATERAI CADANGAN.<br/>HARGA BELUM TERMASUK BOX,ATC BOX YANG DIINGINKAN DIETALASE BOX<br/><br/><br/>', 'ecl-jmt-266637635', '2018-03-08 16:33:36', '', 0, 0, 0),
(870, 53, 'ECL-JMT-266637425', '266637425', 'ADIDAS AD3819 BLACK RED', 'adidas-ad3819-black-red', 32000, 39000, '            KUALITAS KW SEMI SUPER <br/>DIAMETER 3,8CM <br/>ANALOG<br/>RUBBER<br/>FREE BATERAI CADANGAN.<br/>HARGA BELUM TERMASUK BOX,ATC BOX YANG DIINGINKAN DIETALASE BOX<br/><br/><br/>', 'ecl-jmt-266637425', '2018-03-08 16:33:43', '', 0, 0, 0),
(871, 53, 'ECL-JMT-266637185', '266637185', 'ADIDAS AD3819 RED', 'adidas-ad3819-red', 32000, 39000, '            KUALITAS KW SEMI SUPER <br/>DIAMETER 3,8CM <br/>ANALOG<br/>RUBBER<br/>FREE BATERAI CADANGAN.<br/>HARGA BELUM TERMASUK BOX,ATC BOX YANG DIINGINKAN DIETALASE BOX<br/><br/><br/>', 'ecl-jmt-266637185', '2018-03-08 16:33:53', '', 0, 0, 0),
(872, 53, 'ECL-JMT-266636944', '266636944', 'ADIDAS AD3819 BROWN', 'adidas-ad3819-brown', 32000, 39000, '            KUALITAS KW SEMI SUPER <br/>DIAMETER 3,8CM <br/>ANALOG<br/>RUBBER<br/>FREE BATERAI CADANGAN.<br/>HARGA BELUM TERMASUK BOX,ATC BOX YANG DIINGINKAN DIETALASE BOX<br/><br/><br/>', 'ecl-jmt-266636944', '2018-03-08 16:34:00', '', 0, 0, 0),
(873, 53, 'ECL-JMT-266630857', '266630857', 'ADIDAS AD3819 PINK', 'adidas-ad3819-pink', 32000, 39000, '            KUALITAS KW SEMI SUPER <br/>DIAMETER 3,8CM <br/>ANALOG<br/>RUBBER<br/>FREE BATERAI CADANGAN.<br/>HARGA BELUM TERMASUK BOX,ATC BOX YANG DIINGINKAN DIETALASE BOX<br/><br/><br/>', 'ecl-jmt-266630857', '2018-03-08 16:34:07', '', 0, 0, 0),
(874, 53, 'ECL-JMT-266630497', '266630497', 'ADIDAS AD3819 TOSCA', 'adidas-ad3819-tosca', 32000, 39000, '            KUALITAS KW SEMI SUPER <br/>DIAMETER 3,8CM <br/>ANALOG<br/>RUBBER<br/>FREE BATERAI CADANGAN.<br/>HARGA BELUM TERMASUK BOX,ATC BOX YANG DIINGINKAN DIETALASE BOX<br/><br/><br/>', 'ecl-jmt-266630497', '2018-03-08 16:34:16', '', 0, 0, 0),
(875, 53, 'ECL-JMT-266630210', '266630210', 'ADIDAS AD3819 BLUE', 'adidas-ad3819-blue', 32000, 39000, '            KUALITAS KW SEMI SUPER <br/>DIAMETER 3,8CM <br/>ANALOG<br/>RUBBER<br/>FREE BATERAI CADANGAN.<br/>HARGA BELUM TERMASUK BOX,ATC BOX YANG DIINGINKAN DIETALASE BOX<br/><br/><br/>', 'ecl-jmt-266630210', '2018-03-08 16:34:27', '', 0, 0, 0),
(876, 54, 'ECL-JMT-267605681', '267605681', 'SWISS ARMY SA0260 LIGHT BROWN', 'swiss-army-sa0260-light-brown', 65000, 72000, '            KUALITAS KW SEMI SUPER<br/>DIAMETER 4,8cm<br/>ANALOG<br/>3TIME<br/>LEATHER.<br/>FREE BATERAI CADANGAN.<br/>HARGA BELUM TERMASUK BOX,ATC BOX YANG DIINGINKAN DIETALASE BOX.<br/><br/>', 'ecl-jmt-267605681', '2018-03-12 22:26:39', '', 0, 0, 1),
(877, 54, 'ECL-JMT-267605398', '267605398', 'SWISS ARMY SA0260 DRAK BROWN', 'swiss-army-sa0260-drak-brown', 65000, 72000, '            KUALITAS KW SEMI SUPER<br/>DIAMETER 4,8cm<br/>ANALOG<br/>3TIME<br/>LEATHER.<br/>FREE BATERAI CADANGAN.<br/>HARGA BELUM TERMASUK BOX,ATC BOX YANG DIINGINKAN DIETALASE BOX.<br/><br/>', 'ecl-jmt-267605398', '2018-03-12 22:26:52', '', 0, 0, 1),
(878, 39, 'ECL-JMT-267602204', '267602204', 'DW COUPLE DW057 LIGHT BROWN PLAT WHITE LIS BLUE', 'dw-couple-dw057-light-brown-plat-white-lis-blue', 80000, 87000, '            HARGA SEPASANG <br/>KUALITAS KW SEMI SUPER<br/>DIAMETER 3,8cm&amp;3cm<br/>ANALOG<br/>TANGGAL AKTIF<br/>LEATHER.<br/>FREE BATERAI CADANGAN.<br/>HARGA BELUM TERMASUK BOX,ATC BOX YANG DIINGINKAN DIETALASE BOX.<br/><br/>', 'ecl-jmt-267602204', '2018-03-12 22:27:09', '', 0, 0, 1),
(879, 39, 'ECL-JMT-267601939', '267601939', 'DW COUPLE DW057 DRAK BROWN PLAT WHITE LIS BLUE', 'dw-couple-dw057-drak-brown-plat-white-lis-blue', 80000, 87000, '            HARGA SEPASANG <br/>KUALITAS KW SEMI SUPER<br/>DIAMETER 3,8cm&amp;3cm<br/>ANALOG<br/>TANGGAL AKTIF<br/>LEATHER.<br/>FREE BATERAI CADANGAN.<br/>HARGA BELUM TERMASUK BOX,ATC BOX YANG DIINGINKAN DIETALASE BOX.<br/><br/>', 'ecl-jmt-267601939', '2018-03-12 22:27:22', '', 0, 0, 1),
(880, 39, 'ECL-JMT-267601579', '267601579', 'DW COUPLE DW057 BLACK PLAT WHITE LIS BLUE', 'dw-couple-dw057-black-plat-white-lis-blue', 80000, 87000, '            HARGA SEPASANG <br/>KUALITAS KW SEMI SUPER<br/>DIAMETER 3,8cm&amp;3cm<br/>ANALOG<br/>TANGGAL AKTIF<br/>LEATHER.<br/>FREE BATERAI CADANGAN.<br/>HARGA BELUM TERMASUK BOX,ATC BOX YANG DIINGINKAN DIETALASE BOX.<br/><br/>', 'ecl-jmt-267601579', '2018-03-12 22:27:41', '', 0, 0, 1),
(881, 39, 'ECL-JMT-267601283', '267601283', 'DW COUPLE DW057 BLACK ROSEGOLD LIS BLUE', 'dw-couple-dw057-black-rosegold-lis-blue', 80000, 87000, '            HARGA SEPASANG <br/>KUALITAS KW SEMI SUPER<br/>DIAMETER 3,8cm&amp;3cm<br/>ANALOG<br/>TANGGAL AKTIF<br/>LEATHER.<br/>FREE BATERAI CADANGAN.<br/>HARGA BELUM TERMASUK BOX,ATC BOX YANG DIINGINKAN DIETALASE BOX.<br/><br/>', 'ecl-jmt-267601283', '2018-03-12 22:27:55', '', 0, 0, 1),
(882, 39, 'ECL-JMT-267600980', '267600980', 'DW COUPLE DW057 BLACK LIS BLUE', 'dw-couple-dw057-black-lis-blue', 80000, 87000, '            HARGA SEPASANG <br/>KUALITAS KW SEMI SUPER<br/>DIAMETER 3,8cm&amp;3cm<br/>ANALOG<br/>TANGGAL AKTIF<br/>LEATHER.<br/>FREE BATERAI CADANGAN.<br/>HARGA BELUM TERMASUK BOX,ATC BOX YANG DIINGINKAN DIETALASE BOX.<br/><br/>', 'ecl-jmt-267600980', '2018-03-12 22:28:06', '', 0, 0, 1),
(883, 39, 'ECL-JMT-267600762', '267600762', 'DW COUPLE DW057 LIGHT BROWN LIS BLUE', 'dw-couple-dw057-light-brown-lis-blue', 80000, 87000, '            HARGA SEPASANG <br/>KUALITAS KW SEMI SUPER<br/>DIAMETER 3,8cm&amp;3cm<br/>ANALOG<br/>TANGGAL AKTIF<br/>LEATHER.<br/>FREE BATERAI CADANGAN.<br/>HARGA BELUM TERMASUK BOX,ATC BOX YANG DIINGINKAN DIETALASE BOX.<br/><br/>', 'ecl-jmt-267600762', '2018-03-12 22:28:19', '', 0, 0, 1),
(884, 39, 'ECL-JMT-267597897', '267597897', 'DW COUPLE DW 058 DRAK BROWN LIS BLUE', 'dw-couple-dw-058-drak-brown-lis-blue', 80000, 87000, '            HARGA SEPASANG <br/>KUALITAS KW SEMI SUPER<br/>DIAMETER 3,8cm&amp;3cm<br/>ANALOG<br/>TANGGAL AKTIF<br/>LEATHER.<br/>FREE BATERAI CADANGAN.<br/>HARGA BELUM TERMASUK BOX,ATC BOX YANG DIINGINKAN DIETALASE BOX.<br/><br/>', 'ecl-jmt-267597897', '2018-03-12 22:28:30', '', 0, 0, 1);
INSERT INTO `master_product` (`id`, `id_category`, `eclast_code`, `supplier_code`, `name`, `slug`, `supplier_price`, `eclast_price`, `description`, `main_image`, `date_created`, `merek`, `codelExpedisi`, `status`, `status_temp`) VALUES
(885, 55, 'ECL-JMT-267593455', '267593455', 'REDDINGTON 6027 RED BLACK ORIGINAL', 'reddington-6027-red-black-original', 105000, 112000, '            KUALITAS ORI<br/>DIAMETER 4,8CM<br/>DIGITAL<br/>', 'ecl-jmt-267593455', '2018-03-12 22:28:41', '', 0, 0, 1),
(886, 55, 'ECL-JMT-267593010', '267593010', 'REDDINGTON 6027 BLACK LIS WHITE ORIGINAL', 'reddington-6027-black-lis-white-original', 105000, 112000, '            KUALITAS ORI<br/>DIAMETER 4,8CM<br/>DIGITAL<br/>', 'ecl-jmt-267593010', '2018-03-12 22:28:52', '', 0, 0, 1),
(887, 55, 'ECL-JMT-267592318', '267592318', 'REDDINGTON 6027 BLACK ORIGINAL', 'reddington-6027-black-original', 105000, 112000, '            KUALITAS ORI<br/>DIAMETER 4,8CM<br/>DIGITAL<br/>', 'ecl-jmt-267592318', '2018-03-12 22:29:04', '', 0, 0, 1),
(888, 56, 'ECL-JMT-267590161', '267590161', 'RIPCURL DETROIT RC086 BLACK LIS ROSEGOLD', 'ripcurl-detroit-rc086-black-lis-rosegold', 130000, 137000, '            KUALITAS KW SEMI SUPER<br/>DIAMETER 4,5CM.<br/>ANALOG<br/>CHRONO DETIK<br/>TANGGAL AKTIF<br/>LEATHER.<br/>FREE BATERAI CADANGAN.<br/>HARGA BELUM TERMASUK BOX,ATC BOX YANG DIINGINKAN DIETALASE BOX.<br/><br/>', 'ecl-jmt-267590161', '2018-03-12 22:29:15', '', 0, 0, 1),
(889, 56, 'ECL-JMT-229240089', '229240089', 'RIPCURL DETROIT RC086 DARK BROWN', 'ripcurl-detroit-rc086-dark-brown', 130000, 137000, '            KUALITAS KW SEMI SUPER<br/>DIAMETER 4,5CM.<br/>ANALOG<br/>CHRONO DETIK<br/>TANGGAL AKTIF<br/>LEATHER.<br/>FREE BATERAI CADANGAN.<br/>HARGA BELUM TERMASUK BOX,ATC BOX YANG DIINGINKAN DIETALASE BOX.<br/><br/>', 'ecl-jmt-229240089', '2018-03-12 22:29:30', '', 0, 0, 1),
(890, 56, 'ECL-JMT-229238650', '229238650', 'RIPCURL DETROIT RC086 BLACK LIST GOLD', 'ripcurl-detroit-rc086-black-list-gold', 130000, 137000, '            KUALITAS KW SEMI SUPER<br/>DIAMETER 4,5CM.<br/>ANALOG<br/>CHRONO DETIK<br/>TANGGAL AKTIF<br/>LEATHER.<br/>FREE BATERAI CADANGAN.<br/>HARGA BELUM TERMASUK BOX,ATC BOX YANG DIINGINKAN DIETALASE BOX.<br/><br/>', 'ecl-jmt-229238650', '2018-03-12 22:29:44', '', 0, 0, 1),
(891, 56, 'ECL-JMT-229238232', '229238232', 'RIPCURL DETROIT RC086 DARK BROWN LIST GOLD', 'ripcurl-detroit-rc086-dark-brown-list-gold', 130000, 137000, '            KUALITAS KW SEMI SUPER<br/>DIAMETER 4,5CM.<br/>ANALOG<br/>CHRONO DETIK<br/>TANGGAL AKTIF<br/>LEATHER.<br/>FREE BATERAI CADANGAN.<br/>HARGA BELUM TERMASUK BOX,ATC BOX YANG DIINGINKAN DIETALASE BOX.<br/><br/>', 'ecl-jmt-229238232', '2018-03-12 22:29:57', '', 0, 0, 1),
(892, 56, 'ECL-JMT-229239703', '229239703', 'RIPCURL DETROIT RC086 BROWN LIST GOLD', 'ripcurl-detroit-rc086-brown-list-gold', 130000, 137000, '            KUALITAS KW SEMI SUPER<br/>DIAMETER 4,5CM.<br/>ANALOG<br/>CHRONO DETIK<br/>TANGGAL AKTIF<br/>LEATHER.<br/>FREE BATERAI CADANGAN.<br/>HARGA BELUM TERMASUK BOX,ATC BOX YANG DIINGINKAN DIETALASE BOX.<br/><br/>', 'ecl-jmt-229239703', '2018-03-12 22:30:12', '', 0, 0, 1),
(893, 56, 'ECL-JMT-229241043', '229241043', 'RIPCURL DETROIT RC086 BLACK', 'ripcurl-detroit-rc086-black', 130000, 137000, '            KUALITAS KW SEMI SUPER<br/>DIAMETER 4,5CM.<br/>ANALOG<br/>CHRONO DETIK<br/>TANGGAL AKTIF<br/>LEATHER.<br/>FREE BATERAI CADANGAN.<br/>HARGA BELUM TERMASUK BOX,ATC BOX YANG DIINGINKAN DIETALASE BOX.<br/><br/>', 'ecl-jmt-229241043', '2018-03-12 22:30:24', '', 0, 0, 1),
(894, 39, 'ECL-JMT-267555481', '267555481', 'ROLEX COUPLE R06 GOLD PLAT ROSEGOLD', 'rolex-couple-r06-gold-plat-rosegold', 160000, 167000, '            HARGA SEPASANG<br/>KUALITAS KW SEMI SUPER<br/>DIAMETER 3,8cm&amp;2,8cm<br/>ANLAOG<br/>TANGGAL ,HARI AKTIF<br/>LEATHER<br/>FREE BATERAI CADANGAN.<br/>HARGA BELUM TERMASUK BOX,ATC BOX YANG DIINGINKAN DIETALASE BOX<br/><br/>', 'ecl-jmt-267555481', '2018-03-12 22:30:37', '', 0, 0, 1),
(895, 39, 'ECL-JMT-267554270', '267554270', 'ROLEX COUPLE R06 BLACK', 'rolex-couple-r06-black', 160000, 167000, '            HARGA SEPASANG<br/>KUALITAS KW SEMI SUPER<br/>DIAMETER 3,8cm&amp;2,8cm<br/>ANLAOG<br/>TANGGAL ,HARI AKTIF<br/>LEATHER<br/>FREE BATERAI CADANGAN.<br/>HARGA BELUM TERMASUK BOX,ATC BOX YANG DIINGINKAN DIETALASE BOX<br/><br/>', 'ecl-jmt-267554270', '2018-03-12 22:30:47', '', 0, 0, 1),
(896, 39, 'ECL-JMT-267554056', '267554056', 'ROLEX COUPLE R06 SILVER PLAT ROSEGOLD', 'rolex-couple-r06-silver-plat-rosegold', 160000, 167000, '            HARGA SEPASANG<br/>KUALITAS KW SEMI SUPER<br/>DIAMETER 3,8cm&amp;2,8cm<br/>ANLAOG<br/>TANGGAL ,HARI AKTIF<br/>LEATHER<br/>FREE BATERAI CADANGAN.<br/>HARGA BELUM TERMASUK BOX,ATC BOX YANG DIINGINKAN DIETALASE BOX<br/><br/>', 'ecl-jmt-267554056', '2018-03-12 22:30:59', '', 0, 0, 1),
(897, 39, 'ECL-JMT-267553890', '267553890', 'ROLEX COUPLE R06 SILVER BLACK', 'rolex-couple-r06-silver-black', 160000, 167000, '            HARGA SEPASANG<br/>KUALITAS KW SEMI SUPER<br/>DIAMETER 3,8cm&amp;2,8cm<br/>ANLAOG<br/>TANGGAL ,HARI AKTIF<br/>LEATHER<br/>FREE BATERAI CADANGAN.<br/>HARGA BELUM TERMASUK BOX,ATC BOX YANG DIINGINKAN DIETALASE BOX<br/><br/>', 'ecl-jmt-267553890', '2018-03-12 22:31:11', '', 0, 0, 1),
(898, 39, 'ECL-JMT-267553261', '267553261', 'ROLEX COUPLE R06 COMBI GOLD', 'rolex-couple-r06-combi-gold', 160000, 167000, '            HARGA SEPASANG<br/>KUALITAS KW SEMI SUPER<br/>DIAMETER 3,8cm&amp;2,8cm<br/>ANLAOG<br/>TANGGAL ,HARI AKTIF<br/>LEATHER<br/>FREE BATERAI CADANGAN.<br/>HARGA BELUM TERMASUK BOX,ATC BOX YANG DIINGINKAN DIETALASE BOX<br/><br/>', 'ecl-jmt-267553261', '2018-03-12 22:31:25', '', 0, 0, 1),
(899, 39, 'ECL-JMT-267553072', '267553072', 'ROLEX COUPLE R06 COMBI GOLD PLAT ROSEGOLD', 'rolex-couple-r06-combi-gold-plat-rosegold', 160000, 167000, '            HARGA SEPASANG<br/>KUALITAS KW SEMI SUPER<br/>DIAMETER 3,8cm&amp;2,8cm<br/>ANLAOG<br/>TANGGAL ,HARI AKTIF<br/>LEATHER<br/>FREE BATERAI CADANGAN.<br/>HARGA BELUM TERMASUK BOX,ATC BOX YANG DIINGINKAN DIETALASE BOX<br/><br/>', 'ecl-jmt-267553072', '2018-03-12 22:31:40', '', 0, 0, 1),
(900, 39, 'ECL-JMT-267550781', '267550781', 'DW COUPLE DW057 BLACK PLAT WHITE', 'dw-couple-dw057-black-plat-white', 150000, 157000, '            HARGA SEPASANG<br/>KUALITAS KW SEMI SUPER<br/>DIAMETER 4cm&amp;3,3cm<br/>ANLAOG<br/>TANGGAL ON<br/>LEATHER<br/>FREE BATERAI CADANGAN.<br/>HARGA BELUM TERMASUK BOX,ATC BOX YANG DIINGINKAN DIETALASE BOX<br/><br/>', 'ecl-jmt-267550781', '2018-03-12 22:31:55', '', 0, 0, 1),
(901, 39, 'ECL-JMT-267549991', '267549991', 'DW COUPLE DW057 BLACK RING SILVER', 'dw-couple-dw057-black-ring-silver', 150000, 157000, '            HARGA SEPASANG<br/>KUALITAS KW SEMI SUPER<br/>DIAMETER 4cm&amp;3,3cm<br/>ANLAOG<br/>TANGGAL ON<br/>LEATHER<br/>FREE BATERAI CADANGAN.<br/>HARGA BELUM TERMASUK BOX,ATC BOX YANG DIINGINKAN DIETALASE BOX<br/><br/>', 'ecl-jmt-267549991', '2018-03-12 22:32:03', '', 0, 0, 1),
(902, 39, 'ECL-JMT-267549704', '267549704', 'DW COUPLE DW057 BLACK ROSEGOLD', 'dw-couple-dw057-black-rosegold', 150000, 157000, '            HARGA SEPASANG<br/>KUALITAS KW SEMI SUPER<br/>DIAMETER 4cm&amp;3,3cm<br/>ANLAOG<br/>TANGGAL ON<br/>LEATHER<br/>FREE BATERAI CADANGAN.<br/>HARGA BELUM TERMASUK BOX,ATC BOX YANG DIINGINKAN DIETALASE BOX<br/><br/>', 'ecl-jmt-267549704', '2018-03-12 22:32:11', '', 0, 0, 1),
(903, 39, 'ECL-JMT-267549418', '267549418', 'DW COUPLE DW057 BLACK RING ROSEGOLD', 'dw-couple-dw057-black-ring-rosegold', 150000, 157000, '            HARGA SEPASANG<br/>KUALITAS KW SEMI SUPER<br/>DIAMETER 4cm&amp;3,3cm<br/>ANLAOG<br/>TANGGAL ON<br/>LEATHER<br/>FREE BATERAI CADANGAN.<br/>HARGA BELUM TERMASUK BOX,ATC BOX YANG DIINGINKAN DIETALASE BOX<br/><br/>', 'ecl-jmt-267549418', '2018-03-12 22:32:20', '', 0, 0, 1),
(904, 39, 'ECL-JMT-267549152', '267549152', 'DW COUPLE DW057 BLACK', 'dw-couple-dw057-black', 150000, 157000, '            HARGA SEPASANG<br/>KUALITAS KW SEMI SUPER<br/>DIAMETER 4cm&amp;3,3cm<br/>ANLAOG<br/>TANGGAL ON<br/>LEATHER<br/>FREE BATERAI CADANGAN.<br/>HARGA BELUM TERMASUK BOX,ATC BOX YANG DIINGINKAN DIETALASE BOX<br/><br/>', 'ecl-jmt-267549152', '2018-03-12 22:32:30', '', 0, 0, 1),
(905, 33, 'ECL-JMT-267243868', '267243868', 'FOSSIL FS094 DARK BROWN', 'fossil-fs094-dark-brown', 37000, 44000, '            KUALITAS KW SEMI SUPER<br/>DIAMETER 3,8CM <br/>ANLAOG<br/>LEATHER<br/>FREE BATERAI CADANGAN.<br/>HARGA BELUM TERMASUK BOX,ATC BOX YANG DIINGINKAN DIETALASE BOX<br/><br/>', 'ecl-jmt-267243868', '2018-03-12 22:32:46', '', 0, 0, 1),
(906, 33, 'ECL-JMT-267243750', '267243750', 'FOSSIL FS094 BROWN B', 'fossil-fs094-brown-b', 37000, 44000, '            KUALITAS KW SEMI SUPER<br/>DIAMETER 3,8CM <br/>ANLAOG<br/>LEATHER<br/>FREE BATERAI CADANGAN.<br/>HARGA BELUM TERMASUK BOX,ATC BOX YANG DIINGINKAN DIETALASE BOX<br/><br/>', 'ecl-jmt-267243750', '2018-03-12 22:33:04', '', 0, 0, 1),
(907, 33, 'ECL-JMT-267243606', '267243606', 'FOSSIL FS094 GREY', 'fossil-fs094-grey', 37000, 44000, '            KUALITAS KW SEMI SUPER<br/>DIAMETER 3,8CM <br/>ANLAOG<br/>LEATHER<br/>FREE BATERAI CADANGAN.<br/>HARGA BELUM TERMASUK BOX,ATC BOX YANG DIINGINKAN DIETALASE BOX<br/><br/>', 'ecl-jmt-267243606', '2018-03-12 22:33:21', '', 0, 0, 1),
(908, 33, 'ECL-JMT-267243482', '267243482', 'FOSSIL FS094 WHITE', 'fossil-fs094-white', 37000, 44000, '            KUALITAS KW SEMI SUPER<br/>DIAMETER 3,8CM <br/>ANLAOG<br/>LEATHER<br/>FREE BATERAI CADANGAN.<br/>HARGA BELUM TERMASUK BOX,ATC BOX YANG DIINGINKAN DIETALASE BOX<br/><br/>', 'ecl-jmt-267243482', '2018-03-12 22:33:41', '', 0, 0, 1),
(909, 33, 'ECL-JMT-267243393', '267243393', 'FOSSIL FS094 RED', 'fossil-fs094-red', 37000, 44000, '            KUALITAS KW SEMI SUPER<br/>DIAMETER 3,8CM <br/>ANLAOG<br/>LEATHER<br/>FREE BATERAI CADANGAN.<br/>HARGA BELUM TERMASUK BOX,ATC BOX YANG DIINGINKAN DIETALASE BOX<br/><br/>', 'ecl-jmt-267243393', '2018-03-12 22:34:01', '', 0, 0, 1),
(910, 33, 'ECL-JMT-267243264', '267243264', 'FOSSIL FS094 BLUE', 'fossil-fs094-blue', 37000, 44000, '            KUALITAS KW SEMI SUPER<br/>DIAMETER 3,8CM <br/>ANLAOG<br/>LEATHER<br/>FREE BATERAI CADANGAN.<br/>HARGA BELUM TERMASUK BOX,ATC BOX YANG DIINGINKAN DIETALASE BOX<br/><br/>', 'ecl-jmt-267243264', '2018-03-12 22:34:21', '', 0, 0, 1),
(911, 33, 'ECL-JMT-267243129', '267243129', 'FOSSIL FS094 BROWN', 'fossil-fs094-brown', 37000, 44000, '            KUALITAS KW SEMI SUPER<br/>DIAMETER 3,8CM <br/>ANLAOG<br/>LEATHER<br/>FREE BATERAI CADANGAN.<br/>HARGA BELUM TERMASUK BOX,ATC BOX YANG DIINGINKAN DIETALASE BOX<br/><br/>', 'ecl-jmt-267243129', '2018-03-12 22:34:37', '', 0, 0, 1),
(912, 33, 'ECL-JMT-267243006', '267243006', 'FOSSIL FS094 BLACK', 'fossil-fs094-black', 37000, 44000, '            KUALITAS KW SEMI SUPER<br/>DIAMETER 3,8CM <br/>ANLAOG<br/>LEATHER<br/>FREE BATERAI CADANGAN.<br/>HARGA BELUM TERMASUK BOX,ATC BOX YANG DIINGINKAN DIETALASE BOX<br/><br/>', 'ecl-jmt-267243006', '2018-03-12 22:34:53', '', 0, 0, 1),
(913, 57, 'ECL-JMT-267241812', '267241812', 'CK PAKET CK0122 SILVER E', 'ck-paket-ck0122-silver-e', 130000, 137000, '            KUALITAS KW SEMI SUPER<br/>DIAMETER 3,5CM <br/>ANLAOG<br/>RANTAI<br/>FREE GELANG<br/>FREE BATERAI CADANGAN.<br/>HARGA SUDAH TERMASUK BOX EXCLUSIVE<br/><br/>', 'ecl-jmt-267241812', '2018-03-12 22:35:07', '', 0, 0, 1),
(914, 57, 'ECL-JMT-267241706', '267241706', 'CK PAKET CK0122 SILVER D', 'ck-paket-ck0122-silver-d', 130000, 137000, '            KUALITAS KW SEMI SUPER<br/>DIAMETER 3,5CM <br/>ANLAOG<br/>RANTAI<br/>FREE GELANG<br/>FREE BATERAI CADANGAN.<br/>HARGA SUDAH TERMASUK BOX EXCLUSIVE<br/><br/>', 'ecl-jmt-267241706', '2018-03-12 22:35:20', '', 0, 0, 1),
(915, 57, 'ECL-JMT-267241584', '267241584', 'CK PAKET CK0122 SILVER C', 'ck-paket-ck0122-silver-c', 130000, 137000, '            KUALITAS KW SEMI SUPER<br/>DIAMETER 3,5CM <br/>ANLAOG<br/>RANTAI<br/>FREE GELANG<br/>FREE BATERAI CADANGAN.<br/>HARGA SUDAH TERMASUK BOX EXCLUSIVE<br/><br/>', 'ecl-jmt-267241584', '2018-03-12 22:35:33', '', 0, 0, 1),
(916, 57, 'ECL-JMT-267241470', '267241470', 'CK PAKET CK0122 SILVER B', 'ck-paket-ck0122-silver-b', 130000, 137000, '            KUALITAS KW SEMI SUPER<br/>DIAMETER 3,5CM <br/>ANLAOG<br/>RANTAI<br/>FREE GELANG<br/>FREE BATERAI CADANGAN.<br/>HARGA SUDAH TERMASUK BOX EXCLUSIVE<br/><br/>', 'ecl-jmt-267241470', '2018-03-12 22:35:45', '', 0, 0, 1),
(917, 57, 'ECL-JMT-267241364', '267241364', 'CK PAKET CK0122 SILVER A', 'ck-paket-ck0122-silver-a', 130000, 137000, '            KUALITAS KW SEMI SUPER<br/>DIAMETER 3,5CM <br/>ANLAOG<br/>RANTAI<br/>FREE GELANG<br/>FREE BATERAI CADANGAN.<br/>HARGA SUDAH TERMASUK BOX EXCLUSIVE<br/><br/>', 'ecl-jmt-267241364', '2018-03-12 22:35:58', '', 0, 0, 1),
(918, 57, 'ECL-JMT-267241134', '267241134', 'CK PAKET CK0122 GOLD E', 'ck-paket-ck0122-gold-e', 130000, 137000, '            KUALITAS KW SEMI SUPER<br/>DIAMETER 3,5CM <br/>ANLAOG<br/>RANTAI<br/>FREE GELANG<br/>FREE BATERAI CADANGAN.<br/>HARGA SUDAH TERMASUK BOX EXCLUSIVE<br/><br/>', 'ecl-jmt-267241134', '2018-03-12 22:36:10', '', 0, 0, 1),
(919, 57, 'ECL-JMT-267240994', '267240994', 'CK PAKET CK0122 GOLD D', 'ck-paket-ck0122-gold-d', 130000, 137000, '            KUALITAS KW SEMI SUPER<br/>DIAMETER 3,5CM <br/>ANLAOG<br/>RANTAI<br/>FREE GELANG<br/>FREE BATERAI CADANGAN.<br/>HARGA SUDAH TERMASUK BOX EXCLUSIVE<br/><br/>', 'ecl-jmt-267240994', '2018-03-12 22:36:23', '', 0, 0, 1),
(920, 57, 'ECL-JMT-267240868', '267240868', 'CK PAKET CK0122 GOLD C', 'ck-paket-ck0122-gold-c', 130000, 137000, '            KUALITAS KW SEMI SUPER<br/>DIAMETER 3,5CM <br/>ANLAOG<br/>RANTAI<br/>FREE GELANG<br/>FREE BATERAI CADANGAN.<br/>HARGA SUDAH TERMASUK BOX EXCLUSIVE<br/><br/>', 'ecl-jmt-267240868', '2018-03-12 22:36:38', '', 0, 0, 1),
(921, 57, 'ECL-JMT-267240750', '267240750', 'CK PAKET CK0122 GOLD B', 'ck-paket-ck0122-gold-b', 130000, 137000, '            KUALITAS KW SEMI SUPER<br/>DIAMETER 3,5CM <br/>ANLAOG<br/>RANTAI<br/>FREE GELANG<br/>FREE BATERAI CADANGAN.<br/>HARGA SUDAH TERMASUK BOX EXCLUSIVE<br/><br/>', 'ecl-jmt-267240750', '2018-03-12 22:36:52', '', 0, 0, 1),
(922, 57, 'ECL-JMT-267240309', '267240309', 'CK PAKET CK0122 GOLD A', 'ck-paket-ck0122-gold-a', 130000, 137000, '            KUALITAS KW SEMI SUPER<br/>DIAMETER 3,5CM <br/>ANLAOG<br/>RANTAI<br/>FREE GELANG<br/>FREE BATERAI CADANGAN.<br/>HARGA SUDAH TERMASUK BOX EXCLUSIVE<br/><br/>', 'ecl-jmt-267240309', '2018-03-12 22:37:07', '', 0, 0, 1),
(923, 58, 'ECL-JMT-267239035', '267239035', 'CHANEL PAKET CH026 WHITE ROSEGOLD C', 'chanel-paket-ch026-white-rosegold-c', 130000, 137000, '            KUALITAS KW SEMI SUPER<br/>DIAMETER 3,8CM <br/>ANLAOG<br/>RANTAI<br/>FREE GELANG<br/>FREE BATERAI CADANGAN.<br/>HARGA SUDAH TERMASUK BOX EXCLUSIVE<br/><br/>', 'ecl-jmt-267239035', '2018-03-12 22:37:21', '', 0, 0, 1),
(924, 58, 'ECL-JMT-267238892', '267238892', 'CHANEL PAKET CH026 WHITE ROSEGOLD B', 'chanel-paket-ch026-white-rosegold-b', 130000, 137000, '            KUALITAS KW SEMI SUPER<br/>DIAMETER 3,8CM <br/>ANLAOG<br/>RANTAI<br/>FREE GELANG<br/>FREE BATERAI CADANGAN.<br/>HARGA SUDAH TERMASUK BOX EXCLUSIVE<br/><br/>', 'ecl-jmt-267238892', '2018-03-12 22:37:35', '', 0, 0, 1),
(925, 58, 'ECL-JMT-267238621', '267238621', 'CHANEL PAKET CH026 WHITE ROSEGOLD A', 'chanel-paket-ch026-white-rosegold-a', 130000, 137000, '            KUALITAS KW SEMI SUPER<br/>DIAMETER 3,8CM <br/>ANLAOG<br/>RANTAI<br/>FREE GELANG<br/>FREE BATERAI CADANGAN.<br/>HARGA SUDAH TERMASUK BOX EXCLUSIVE<br/><br/>', 'ecl-jmt-267238621', '2018-03-12 22:37:50', '', 0, 0, 1),
(926, 58, 'ECL-JMT-267237898', '267237898', 'CHANEL PAKET CH026 WHITE ROSEGOLD A', 'chanel-paket-ch026-white-rosegold-a', 130000, 137000, '            KUALITAS KW SEMI SUPER<br/>DIAMETER 3,8CM <br/>ANLAOG<br/>LEATHER<br/>FREE GELANG<br/>FREE BATERAI CADANGAN.<br/>HARGA SUDAH TERMASUK BOX EXCLUSIVE<br/><br/>', 'ecl-jmt-267237898', '2018-03-12 22:38:09', '', 0, 0, 1),
(927, 58, 'ECL-JMT-267237790', '267237790', 'CHANEL PAKET CH026 BLACK ROSEGOLD C', 'chanel-paket-ch026-black-rosegold-c', 130000, 137000, '            KUALITAS KW SEMI SUPER<br/>DIAMETER 3,8CM <br/>ANLAOG<br/>RANTAI<br/>FREE GELANG<br/>FREE BATERAI CADANGAN.<br/>HARGA SUDAH TERMASUK BOX EXCLUSIVE<br/><br/>', 'ecl-jmt-267237790', '2018-03-12 22:38:24', '', 0, 0, 1),
(928, 58, 'ECL-JMT-267237663', '267237663', 'CHANEL PAKET CH026 BLACK ROSEGOLD B', 'chanel-paket-ch026-black-rosegold-b', 130000, 137000, '            KUALITAS KW SEMI SUPER<br/>DIAMETER 3,8CM <br/>ANLAOG<br/>RANTAI<br/>FREE GELANG<br/>FREE BATERAI CADANGAN.<br/>HARGA SUDAH TERMASUK BOX EXCLUSIVE<br/><br/>', 'ecl-jmt-267237663', '2018-03-12 22:38:39', '', 0, 0, 1),
(929, 58, 'ECL-JMT-267237520', '267237520', 'CHANEL PAKET CH025 BLACK ROSEGOLD A', 'chanel-paket-ch025-black-rosegold-a', 130000, 137000, '            KUALITAS KW SEMI SUPER<br/>DIAMETER 3,8CM <br/>ANLAOG<br/>RANTAI<br/>FREE GELANG<br/>FREE BATERAI CADANGAN.<br/>HARGA SUDAH TERMASUK BOX EXCLUSIVE<br/><br/>', 'ecl-jmt-267237520', '2018-03-12 22:38:55', '', 0, 0, 1),
(930, 59, 'ECL-JMT-267236772', '267236772', 'GENEVA GV028 PINK', 'geneva-gv028-pink', 38000, 45000, '            KUALITAS KW SEMI SUPER<br/>DIAMETER 3CM <br/>ANLAOG<br/>LEATHER<br/>FREE BATERAI CADANGAN.<br/>HARGA BELUM TERMASUK BOX, ATC BOX YANG DIINGINKAN DIETALASE BOX<br/><br/>', 'ecl-jmt-267236772', '2018-03-12 22:39:08', '', 0, 0, 1),
(931, 59, 'ECL-JMT-267236602', '267236602', 'GENEVA GV028 WHITE', 'geneva-gv028-white', 38000, 45000, '            KUALITAS KW SEMI SUPER<br/>DIAMETER 3CM <br/>ANLAOG<br/>LEATHER<br/>FREE BATERAI CADANGAN.<br/>HARGA BELUM TERMASUK BOX, ATC BOX YANG DIINGINKAN DIETALASE BOX<br/><br/>', 'ecl-jmt-267236602', '2018-03-12 22:39:19', '', 0, 0, 1),
(932, 59, 'ECL-JMT-267236400', '267236400', 'GENEVA GV028 DARK BROWN', 'geneva-gv028-dark-brown', 38000, 45000, '            KUALITAS KW SEMI SUPER<br/>DIAMETER 3CM <br/>ANLAOG<br/>LEATHER<br/>FREE BATERAI CADANGAN.<br/>HARGA BELUM TERMASUK BOX, ATC BOX YANG DIINGINKAN DIETALASE BOX<br/><br/>', 'ecl-jmt-267236400', '2018-03-12 22:39:31', '', 0, 0, 1),
(933, 59, 'ECL-JMT-267236210', '267236210', 'GENEVA GV028 RED ROSEGOLD', 'geneva-gv028-red-rosegold', 38000, 45000, '            KUALITAS KW SEMI SUPER<br/>DIAMETER 3CM <br/>ANLAOG<br/>LEATHER<br/>FREE BATERAI CADANGAN.<br/>HARGA BELUM TERMASUK BOX, ATC BOX YANG DIINGINKAN DIETALASE BOX<br/><br/>', 'ecl-jmt-267236210', '2018-03-12 22:39:41', '', 0, 0, 1),
(934, 59, 'ECL-JMT-267236048', '267236048', 'GENEVA GV028 BROWN', 'geneva-gv028-brown', 38000, 45000, '            KUALITAS KW SEMI SUPER<br/>DIAMETER 3CM <br/>ANLAOG<br/>LEATHER<br/>FREE BATERAI CADANGAN.<br/>HARGA BELUM TERMASUK BOX, ATC BOX YANG DIINGINKAN DIETALASE BOX<br/><br/>', 'ecl-jmt-267236048', '2018-03-12 22:39:54', '', 0, 0, 1),
(935, 59, 'ECL-JMT-267235844', '267235844', 'GENEVA GV028 PINK SOFT', 'geneva-gv028-pink-soft', 38000, 45000, '            KUALITAS KW SEMI SUPER<br/>DIAMETER 3CM <br/>ANLAOG<br/>LEATHER<br/>FREE BATERAI CADANGAN.<br/>HARGA BELUM TERMASUK BOX, ATC BOX YANG DIINGINKAN DIETALASE BOX<br/><br/>', 'ecl-jmt-267235844', '2018-03-12 22:40:04', '', 0, 0, 1),
(936, 59, 'ECL-JMT-267235692', '267235692', 'GENEVA GV028 BLACK', 'geneva-gv028-black', 38000, 45000, '            KUALITAS KW SEMI SUPER<br/>DIAMETER 3CM <br/>ANLAOG<br/>LEATHER<br/>FREE BATERAI CADANGAN.<br/>HARGA BELUM TERMASUK BOX, ATC BOX YANG DIINGINKAN DIETALASE BOX<br/><br/>', 'ecl-jmt-267235692', '2018-03-12 22:40:14', '', 0, 0, 1),
(937, 59, 'ECL-JMT-267234724', '267234724', 'GENEVA GV028 LIGHT BLUE ROSEGOLD', 'geneva-gv028-light-blue-rosegold', 38000, 45000, '            KUALITAS KW SEMI SUPER<br/>DIAMETER 3CM <br/>ANLAOG<br/>LEATHER<br/>FREE BATERAI CADANGAN.<br/>HARGA BELUM TERMASUK BOX, ATC BOX YANG DIINGINKAN DIETALASE BOX<br/><br/>', 'ecl-jmt-267234724', '2018-03-12 22:40:24', '', 0, 0, 1),
(938, 59, 'ECL-JMT-267234282', '267234282', 'GENEVA GV027 RED ROSEGOLD', 'geneva-gv027-red-rosegold', 43000, 50000, '            KUALITAS KW SEMI SUPER<br/>DIAMETER 3,8CM <br/>TANGGAL AKTIF<br/>ANLAOG<br/>LEATHER<br/>FREE BATERAI CADANGAN.<br/>HARGA BELUM TERMASUK BOX, ATC BOX YANG DIINGINKAN DIETALASE BOX<br/><br/>', 'ecl-jmt-267234282', '2018-03-12 22:40:41', '', 0, 0, 1),
(939, 59, 'ECL-JMT-267234183', '267234183', 'GENEVA GV027 BLACK ROSEGOLD', 'geneva-gv027-black-rosegold', 43000, 50000, '            KUALITAS KW SEMI SUPER<br/>DIAMETER 3,8CM <br/>TANGGAL AKTIF<br/>ANLAOG<br/>LEATHER<br/>FREE BATERAI CADANGAN.<br/>HARGA BELUM TERMASUK BOX, ATC BOX YANG DIINGINKAN DIETALASE BOX<br/><br/>', 'ecl-jmt-267234183', '2018-03-12 22:40:56', '', 0, 0, 1),
(940, 59, 'ECL-JMT-267234083', '267234083', 'GENEVA GV027 DARK BROWN ROSEGOLD', 'geneva-gv027-dark-brown-rosegold', 43000, 50000, '            KUALITAS KW SEMI SUPER<br/>DIAMETER 3,8CM <br/>TANGGAL AKTIF<br/>ANLAOG<br/>LEATHER<br/>FREE BATERAI CADANGAN.<br/>HARGA BELUM TERMASUK BOX, ATC BOX YANG DIINGINKAN DIETALASE BOX<br/><br/>', 'ecl-jmt-267234083', '2018-03-12 22:41:10', '', 0, 0, 1),
(941, 59, 'ECL-JMT-267214861', '267214861', 'GENEVA GV027 BROWN ROSEGOLD', 'geneva-gv027-brown-rosegold', 43000, 50000, '            KUALITAS KW SEMI SUPER<br/>DIAMETER 3,8CM <br/>TANGGAL AKTIF<br/>ANLAOG<br/>LEATHER<br/>FREE BATERAI CADANGAN.<br/>HARGA BELUM TERMASUK BOX, ATC BOX YANG DIINGINKAN DIETALASE BOX<br/><br/>', 'ecl-jmt-267214861', '2018-03-12 22:41:28', '', 0, 0, 1),
(942, 59, 'ECL-JMT-267214680', '267214680', 'GENEVA GV027 WHITE ROSEGOLD', 'geneva-gv027-white-rosegold', 43000, 50000, '            KUALITAS KW SEMI SUPER<br/>DIAMETER 3,8CM <br/>TANGGAL AKTIF<br/>ANLAOG<br/>LEATHER<br/>FREE BATERAI CADANGAN.<br/>HARGA BELUM TERMASUK BOX, ATC BOX YANG DIINGINKAN DIETALASE BOX<br/><br/>', 'ecl-jmt-267214680', '2018-03-12 22:41:42', '', 0, 0, 1),
(943, 59, 'ECL-JMT-267214480', '267214480', 'GENEVA GV027 PINK ROSEGOLD', 'geneva-gv027-pink-rosegold', 43000, 50000, '            KUALITAS KW SEMI SUPER<br/>DIAMETER 3,8CM <br/>TANGGAL AKTIF<br/>ANLAOG<br/>LEATHER<br/>FREE BATERAI CADANGAN.<br/>HARGA BELUM TERMASUK BOX, ATC BOX YANG DIINGINKAN DIETALASE BOX<br/><br/>', 'ecl-jmt-267214480', '2018-03-12 22:41:55', '', 0, 0, 1),
(944, 34, 'ECL-JMT-267211113', '267211113', 'TRIPOD T01 WHITE', 'tripod-t01-white', 43000, 50000, '            KUALITAS KW SEMI SUPER<br/>DIAMETER 3,8CM <br/>TANGGAL AKTIF<br/>ANLAOG<br/>LEATHER<br/>FREE BATERAI CADANGAN.<br/>HARGA BELUM TERMASUK BOX, ATC BOX YANG DIINGINKAN DIETALASE BOX<br/><br/>', 'ecl-jmt-267211113', '2018-03-12 22:42:11', '', 0, 0, 1),
(945, 34, 'ECL-JMT-267210825', '267210825', 'TRIPOD T01 PINK', 'tripod-t01-pink', 43000, 50000, '            KUALITAS KW SEMI SUPER<br/>DIAMETER 3,8CM <br/>TANGGAL AKTIF<br/>ANLAOG<br/>LEATHER<br/>FREE BATERAI CADANGAN.<br/>HARGA BELUM TERMASUK BOX, ATC BOX YANG DIINGINKAN DIETALASE BOX<br/><br/>', 'ecl-jmt-267210825', '2018-03-12 22:42:27', '', 0, 0, 1),
(946, 34, 'ECL-JMT-267210572', '267210572', 'TRIPOD T01 GREY', 'tripod-t01-grey', 43000, 50000, '            KUALITAS KW SEMI SUPER<br/>DIAMETER 3,8CM <br/>TANGGAL AKTIF<br/>ANLAOG<br/>LEATHER<br/>FREE BATERAI CADANGAN.<br/>HARGA BELUM TERMASUK BOX, ATC BOX YANG DIINGINKAN DIETALASE BOX<br/><br/>', 'ecl-jmt-267210572', '2018-03-12 22:42:42', '', 0, 0, 1),
(947, 34, 'ECL-JMT-267210399', '267210399', 'TRIPOD T01 BLACK', 'tripod-t01-black', 43000, 50000, '            KUALITAS KW SEMI SUPER<br/>DIAMETER 3,8CM <br/>TANGGAL AKTIF<br/>ANLAOG<br/>LEATHER<br/>FREE BATERAI CADANGAN.<br/>HARGA BELUM TERMASUK BOX, ATC BOX YANG DIINGINKAN DIETALASE BOX<br/><br/>', 'ecl-jmt-267210399', '2018-03-12 22:42:57', '', 0, 0, 1),
(948, 34, 'ECL-JMT-267210228', '267210228', 'TRIPOD T01 RED', 'tripod-t01-red', 43000, 50000, '            KUALITAS KW SEMI SUPER<br/>DIAMETER 3,8CM <br/>TANGGAL AKTIF<br/>ANLAOG<br/>LEATHER<br/>FREE BATERAI CADANGAN.<br/>HARGA BELUM TERMASUK BOX, ATC BOX YANG DIINGINKAN DIETALASE BOX<br/><br/>', 'ecl-jmt-267210228', '2018-03-12 22:43:14', '', 0, 0, 1),
(949, 39, 'ECL-JMT-267209591', '267209591', 'DW PAKET COUPLE DW056 BLACK ROSEGOLD', 'dw-paket-couple-dw056-black-rosegold', 345000, 352000, '            HARGA SEPASANG<br/>KUALITAS KW SUPER<br/>DIAMETER 4CM &amp; 3CM<br/>TANGGAL AKTIF<br/>ANLAOG<br/>PASIR <br/>FREE LEATHER<br/>FREE BATERAI CADANGAN.<br/>HARGA SUDAH TERMASUK BOX EXCLUSIVE<br/><br/>', 'ecl-jmt-267209591', '2018-03-12 22:43:25', '', 0, 0, 1),
(950, 39, 'ECL-JMT-267209496', '267209496', 'DW PAKET COUPLE DW056 BLACK', 'dw-paket-couple-dw056-black', 345000, 352000, '            HARGA SEPASANG<br/>KUALITAS KW SUPER<br/>DIAMETER 4CM &amp; 3CM<br/>TANGGAL AKTIF<br/>ANLAOG<br/>PASIR <br/>FREE LEATHER<br/>FREE BATERAI CADANGAN.<br/>HARGA SUDAH TERMASUK BOX EXCLUSIVE<br/><br/>', 'ecl-jmt-267209496', '2018-03-12 22:43:37', '', 0, 0, 1),
(951, 39, 'ECL-JMT-267209315', '267209315', 'DW COUPLE PAKET DW056 SILVER', 'dw-couple-paket-dw056-silver', 345000, 352000, '            HARGA SEPASANG<br/>KUALITAS KW SUPER<br/>DIAMETER 4CM &amp; 3CM<br/>TANGGAL AKTIF<br/>ANLAOG<br/>PASIR <br/>FREE LEATHER<br/>FREE BATERAI CADANGAN.<br/>HARGA SUDAH TERMASUK BOX EXCLUSIVE<br/><br/>', 'ecl-jmt-267209315', '2018-03-12 22:43:48', '', 0, 0, 1),
(952, 39, 'ECL-JMT-267209158', '267209158', 'DW PAKET COUPLE DW056 ROSEGOLD', 'dw-paket-couple-dw056-rosegold', 345000, 352000, '            HARGA SEPASANG<br/>KUALITAS KW SUPER<br/>DIAMETER 4CM &amp; 3CM<br/>TANGGAL AKTIF<br/>ANLAOG<br/>PASIR <br/>FREE LEATHER<br/>FREE BATERAI CADANGAN.<br/>HARGA SUDAH TERMASUK BOX EXCLUSIVE<br/><br/>', 'ecl-jmt-267209158', '2018-03-12 22:44:01', '', 0, 0, 1),
(953, 39, 'ECL-JMT-267208831', '267208831', 'DW COUPLE PAKET DW056 GOLD B', 'dw-couple-paket-dw056-gold-b', 345000, 352000, '            HARGA SEPASANG<br/>KUALITAS KW SUPER<br/>DIAMETER 4CM &amp; 3CM<br/>TANGGAL AKTIF<br/>ANLAOG<br/>PASIR <br/>FREE LEATHER<br/>FREE BATERAI CADANGAN.<br/>HARGA SUDAH TERMASUK BOX EXCLUSIVE<br/><br/>', 'ecl-jmt-267208831', '2018-03-12 22:44:12', '', 0, 0, 1),
(954, 39, 'ECL-JMT-267208525', '267208525', 'DW PAKET COUPLE DW056 GOLD A', 'dw-paket-couple-dw056-gold-a', 345000, 352000, '            HARGA SEPASANG<br/>KUALITAS KW SUPER<br/>DIAMETER 4CM &amp; 3CM<br/>TANGGAL AKTIF<br/>ANLAOG<br/>PASIR <br/>FREE LEATHER<br/>FREE BATERAI CADANGAN.<br/>HARGA SUDAH TERMASUK BOX EXCLUSIVE<br/><br/>', 'ecl-jmt-267208525', '2018-03-12 22:44:39', '', 0, 0, 1),
(955, 39, 'ECL-JMT-267208224', '267208224', 'DW COUPLE PAKET DW056 SILVER', 'dw-couple-paket-dw056-silver', 345000, 352000, '            HARGA SEPASANG<br/>KUALITAS KW SUPER<br/>DIAMETER 4CM &amp; 3CM<br/>TANGGAL AKTIF<br/>ANLAOG<br/>PASIR <br/>FREE LEATHER<br/>FREE BATERAI CADANGAN.<br/>HARGA SUDAH TERMASUK BOX EXCLUSIVE<br/><br/>', 'ecl-jmt-267208224', '2018-03-12 22:45:11', '', 0, 0, 1),
(961, 62, 'ECL-SPT-268388218', '268388218', 'SEPATU CONVERSE UNDEFEATED HIGH NAVY NEW', 'sepatu-converse-undefeated-high-navy-new', 299200, 306200, '            BONUS : FREE BOX DAN FREE STICKER<br/><br/><br/>JIKA BARANG YANG SAMPAI KEKECILAN ATAU KEBESARAN BISA RETURN ! BARANG DATANG CACAT MAYOR / TIDAK SESUAI DENGAN DESKRIPSI KITA GANTI BARU TANPA ADA TAMBAHAN BIAYA!<br/><br/>Mohon dibaca dulu sebelum membeli :<br/>Sepatu free box<br/>sepatu cocok untuk segala acara kamu.<br/><br/>Ready size : 39,40,41,42,43,44<br/><br/>untuk order jangan lupa sertakan size dan urutan no gambar pada kolom keterangan ;<br/>contoh<br/>&#34;order gambar no 1. size 39&#34;<br/><br/>tanpa keterangan kita kirim random.<br/><br/>sepatu sangat ringan dipakai sepatu dengan kualitas grade original, sepatu grade ORI adalah sepatu yg dipacking dengan box sesuai originalnya sepatu denagan kualitas unggulan dibuat menggunakan bahan lembut yang mengikuti lekuk kaki tidak keras sangat elegan dan cocok buat teman teman memberikan kesan modis casual dan trendy sangat berkualitas<br/>Sepatu sesuai dengan pic + box<br/>Perkiraan size<br/>Ukuran sepatu pria :<br/>39 = 24 cm<br/>40 = 25 cm<br/>41 = 26 cm<br/>42 = 27 cm<br/>43 = 28 cm<br/>44 = 29 cm<br/><br/>Ukuran sepatu perempuan :<br/>36 = 23 cm<br/>37 = 23,5 cm<br/>38 = 24 cm<br/>39 = 24,5 cm<br/>40 = 25 cm<br/><br/>', 'ecl-spt-268388218', '2018-03-17 11:25:22', '', 22, 0, 1),
(962, 62, 'ECL-SPT-268387965', '268387965', 'SEPATU LOW CONVERSE UNDEFEATED IMPORT', 'sepatu-low-converse-undefeated-import', 285200, 292200, '            BONUS : FREE BOX DAN FREE STICKER<br/><br/><br/>JIKA BARANG YANG SAMPAI KEKECILAN ATAU KEBESARAN BISA RETURN ! BARANG DATANG CACAT MAYOR / TIDAK SESUAI DENGAN DESKRIPSI KITA GANTI BARU TANPA ADA TAMBAHAN BIAYA!<br/><br/>Mohon dibaca dulu sebelum membeli :<br/>Sepatu free box<br/>sepatu cocok untuk segala acara kamu.<br/><br/>Ready size : 39,40,41,42,43,44<br/><br/>untuk order jangan lupa sertakan size dan urutan no gambar pada kolom keterangan ;<br/>contoh<br/>&#34;order gambar no 1. size 39&#34;<br/><br/>tanpa keterangan kita kirim random.<br/><br/>sepatu sangat ringan dipakai sepatu dengan kualitas grade original, sepatu grade ORI adalah sepatu yg dipacking dengan box sesuai originalnya sepatu denagan kualitas unggulan dibuat menggunakan bahan lembut yang mengikuti lekuk kaki tidak keras sangat elegan dan cocok buat teman teman memberikan kesan modis casual dan trendy sangat berkualitas<br/>Sepatu sesuai dengan pic + box<br/>Perkiraan size<br/>Ukuran sepatu pria :<br/>39 = 24 cm<br/>40 = 25 cm<br/>41 = 26 cm<br/>42 = 27 cm<br/>43 = 28 cm<br/>44 = 29 cm<br/><br/>Ukuran sepatu perempuan :<br/>36 = 23 cm<br/>37 = 23,5 cm<br/>38 = 24 cm<br/>39 = 24,5 cm<br/>40 = 25 cm<br/><br/>', 'ecl-spt-268387965', '2018-03-17 11:25:26', '', 22, 0, 1),
(963, 63, 'ECL-SPT-268387743', '268387743', 'SEPATU VANS OLD SKOOL NEW BAPE SHARK IMPORT', 'sepatu-vans-old-skool-new-bape-shark-import', 385200, 392200, '            BONUS : FREE BOX DAN FREE STICKER<br/><br/><br/>JIKA BARANG YANG SAMPAI KEKECILAN ATAU KEBESARAN BISA RETURN ! BARANG DATANG CACAT MAYOR / TIDAK SESUAI DENGAN DESKRIPSI KITA GANTI BARU TANPA ADA TAMBAHAN BIAYA!<br/><br/>Mohon dibaca dulu sebelum membeli :<br/>Sepatu free box<br/>sepatu cocok untuk segala acara kamu.<br/><br/>Ready size : 39,40,41,42,43,44<br/><br/>untuk order jangan lupa sertakan size dan urutan no gambar pada kolom keterangan ;<br/>contoh<br/>&#34;order gambar no 1. size 39&#34;<br/><br/>tanpa keterangan kita kirim random.<br/><br/>sepatu sangat ringan dipakai sepatu dengan kualitas grade original, sepatu grade ORI adalah sepatu yg dipacking dengan box sesuai originalnya sepatu denagan kualitas unggulan dibuat menggunakan bahan lembut yang mengikuti lekuk kaki tidak keras sangat elegan dan cocok buat teman teman memberikan kesan modis casual dan trendy sangat berkualitas<br/>Sepatu sesuai dengan pic + box<br/>Perkiraan size<br/>Ukuran sepatu pria :<br/>39 = 24 cm<br/>40 = 25 cm<br/>41 = 26 cm<br/>42 = 27 cm<br/>43 = 28 cm<br/>44 = 29 cm<br/><br/>Ukuran sepatu perempuan :<br/>36 = 23 cm<br/>37 = 23,5 cm<br/>38 = 24 cm<br/>39 = 24,5 cm<br/>40 = 25 cm<br/><br/>', 'ecl-spt-268387743', '2018-03-17 11:25:32', '', 22, 0, 1),
(964, 63, 'ECL-SPT-268387541', '268387541', 'SEPATU VANS AUTEHNTIC FUL,L PINK WOMEN NEW', 'sepatu-vans-autehntic-ful,l-pink-women-new', 275200, 282200, '            BONUS : FREE BOX DAN FREE STICKER<br/><br/><br/>JIKA BARANG YANG SAMPAI KEKECILAN ATAU KEBESARAN BISA RETURN ! BARANG DATANG CACAT MAYOR / TIDAK SESUAI DENGAN DESKRIPSI KITA GANTI BARU TANPA ADA TAMBAHAN BIAYA!<br/><br/>Mohon dibaca dulu sebelum membeli :<br/>Sepatu free box<br/>sepatu cocok untuk segala acara kamu.<br/><br/>Ready size : 39,40,41,42,43,44<br/><br/>untuk order jangan lupa sertakan size dan urutan no gambar pada kolom keterangan ;<br/>contoh<br/>&#34;order gambar no 1. size 39&#34;<br/><br/>tanpa keterangan kita kirim random.<br/><br/>sepatu sangat ringan dipakai sepatu dengan kualitas grade original, sepatu grade ORI adalah sepatu yg dipacking dengan box sesuai originalnya sepatu denagan kualitas unggulan dibuat menggunakan bahan lembut yang mengikuti lekuk kaki tidak keras sangat elegan dan cocok buat teman teman memberikan kesan modis casual dan trendy sangat berkualitas<br/>Sepatu sesuai dengan pic + box<br/>Perkiraan size<br/>Ukuran sepatu pria :<br/>39 = 24 cm<br/>40 = 25 cm<br/>41 = 26 cm<br/>42 = 27 cm<br/>43 = 28 cm<br/>44 = 29 cm<br/><br/>Ukuran sepatu perempuan :<br/>36 = 23 cm<br/>37 = 23,5 cm<br/>38 = 24 cm<br/>39 = 24,5 cm<br/>40 = 25 cm<br/><br/>', 'ecl-spt-268387541', '2018-03-17 11:25:38', '', 22, 0, 1),
(965, 63, 'ECL-SPT-268387309', '268387309', 'SEPATU VANS SLIP ON CEHCEKRBOARD NEW IMPORT', 'sepatu-vans-slip-on-cehcekrboard-new-import', 299200, 306200, '            BONUS : FREE BOX DAN FREE STICKER<br/><br/><br/>JIKA BARANG YANG SAMPAI KEKECILAN ATAU KEBESARAN BISA RETURN ! BARANG DATANG CACAT MAYOR / TIDAK SESUAI DENGAN DESKRIPSI KITA GANTI BARU TANPA ADA TAMBAHAN BIAYA!<br/><br/>Mohon dibaca dulu sebelum membeli :<br/>Sepatu free box<br/>sepatu cocok untuk segala acara kamu.<br/><br/>Ready size : 39,40,41,42,43,44<br/><br/>untuk order jangan lupa sertakan size dan urutan no gambar pada kolom keterangan ;<br/>contoh<br/>&#34;order gambar no 1. size 39&#34;<br/><br/>tanpa keterangan kita kirim random.<br/><br/>sepatu sangat ringan dipakai sepatu dengan kualitas grade original, sepatu grade ORI adalah sepatu yg dipacking dengan box sesuai originalnya sepatu denagan kualitas unggulan dibuat menggunakan bahan lembut yang mengikuti lekuk kaki tidak keras sangat elegan dan cocok buat teman teman memberikan kesan modis casual dan trendy sangat berkualitas<br/>Sepatu sesuai dengan pic + box<br/>Perkiraan size<br/>Ukuran sepatu pria :<br/>39 = 24 cm<br/>40 = 25 cm<br/>41 = 26 cm<br/>42 = 27 cm<br/>43 = 28 cm<br/>44 = 29 cm<br/><br/>Ukuran sepatu perempuan :<br/>36 = 23 cm<br/>37 = 23,5 cm<br/>38 = 24 cm<br/>39 = 24,5 cm<br/>40 = 25 cm<br/><br/>', 'ecl-spt-268387309', '2018-03-17 11:25:43', '', 22, 0, 1),
(966, 63, 'ECL-SPT-268387038', '268387038', 'SEPATU VANS AUTHENTIC PEANUTS NEW', 'sepatu-vans-authentic-peanuts-new', 325200, 332200, '            BONUS : FREE BOX DAN FREE STICKER<br/><br/><br/>JIKA BARANG YANG SAMPAI KEKECILAN ATAU KEBESARAN BISA RETURN ! BARANG DATANG CACAT MAYOR / TIDAK SESUAI DENGAN DESKRIPSI KITA GANTI BARU TANPA ADA TAMBAHAN BIAYA!<br/><br/>Mohon dibaca dulu sebelum membeli :<br/>Sepatu free box<br/>sepatu cocok untuk segala acara kamu.<br/><br/>Ready size : 39,40,41,42,43,44<br/><br/>untuk order jangan lupa sertakan size dan urutan no gambar pada kolom keterangan ;<br/>contoh<br/>&#34;order gambar no 1. size 39&#34;<br/><br/>tanpa keterangan kita kirim random.<br/><br/>sepatu sangat ringan dipakai sepatu dengan kualitas grade original, sepatu grade ORI adalah sepatu yg dipacking dengan box sesuai originalnya sepatu denagan kualitas unggulan dibuat menggunakan bahan lembut yang mengikuti lekuk kaki tidak keras sangat elegan dan cocok buat teman teman memberikan kesan modis casual dan trendy sangat berkualitas<br/>Sepatu sesuai dengan pic + box<br/>Perkiraan size<br/>Ukuran sepatu pria :<br/>39 = 24 cm<br/>40 = 25 cm<br/>41 = 26 cm<br/>42 = 27 cm<br/>43 = 28 cm<br/>44 = 29 cm<br/><br/>Ukuran sepatu perempuan :<br/>36 = 23 cm<br/>37 = 23,5 cm<br/>38 = 24 cm<br/>39 = 24,5 cm<br/>40 = 25 cm<br/><br/>', 'ecl-spt-268387038', '2018-03-18 12:53:12', '', 22, 0, 1),
(967, 63, 'ECL-SPT-268386751', '268386751', 'SEPATU VANS SLIP ON FEAR OF GOD', 'sepatu-vans-slip-on-fear-of-god', 325200, 332200, '            BONUS : FREE BOX DAN FREE STICKER<br/><br/><br/>JIKA BARANG YANG SAMPAI KEKECILAN ATAU KEBESARAN BISA RETURN ! BARANG DATANG CACAT MAYOR / TIDAK SESUAI DENGAN DESKRIPSI KITA GANTI BARU TANPA ADA TAMBAHAN BIAYA!<br/><br/>Mohon dibaca dulu sebelum membeli :<br/>Sepatu free box<br/>sepatu cocok untuk segala acara kamu.<br/><br/>Ready size : 39,40,41,42,43,44<br/><br/>untuk order jangan lupa sertakan size dan urutan no gambar pada kolom keterangan ;<br/>contoh<br/>&#34;order gambar no 1. size 39&#34;<br/><br/>tanpa keterangan kita kirim random.<br/><br/>sepatu sangat ringan dipakai sepatu dengan kualitas grade original, sepatu grade ORI adalah sepatu yg dipacking dengan box sesuai originalnya sepatu denagan kualitas unggulan dibuat menggunakan bahan lembut yang mengikuti lekuk kaki tidak keras sangat elegan dan cocok buat teman teman memberikan kesan modis casual dan trendy sangat berkualitas<br/>Sepatu sesuai dengan pic + box<br/>Perkiraan size<br/>Ukuran sepatu pria :<br/>39 = 24 cm<br/>40 = 25 cm<br/>41 = 26 cm<br/>42 = 27 cm<br/>43 = 28 cm<br/>44 = 29 cm<br/><br/>Ukuran sepatu perempuan :<br/>36 = 23 cm<br/>37 = 23,5 cm<br/>38 = 24 cm<br/>39 = 24,5 cm<br/>40 = 25 cm<br/><br/>', 'ecl-spt-268386751', '2018-03-18 12:53:20', '', 22, 0, 1),
(968, 63, 'ECL-SPT-268386467', '268386467', 'SEPATU VANS OLD SKOOL PATTA', 'sepatu-vans-old-skool-patta', 399200, 406200, '            BONUS : FREE BOX DAN FREE STICKER<br/><br/><br/>JIKA BARANG YANG SAMPAI KEKECILAN ATAU KEBESARAN BISA RETURN ! BARANG DATANG CACAT MAYOR / TIDAK SESUAI DENGAN DESKRIPSI KITA GANTI BARU TANPA ADA TAMBAHAN BIAYA!<br/><br/>Mohon dibaca dulu sebelum membeli :<br/>Sepatu free box<br/>sepatu cocok untuk segala acara kamu.<br/><br/>Ready size : 39,40,41,42,43,44<br/><br/>untuk order jangan lupa sertakan size dan urutan no gambar pada kolom keterangan ;<br/>contoh<br/>&#34;order gambar no 1. size 39&#34;<br/><br/>tanpa keterangan kita kirim random.<br/><br/>sepatu sangat ringan dipakai sepatu dengan kualitas grade original, sepatu grade ORI adalah sepatu yg dipacking dengan box sesuai originalnya sepatu denagan kualitas unggulan dibuat menggunakan bahan lembut yang mengikuti lekuk kaki tidak keras sangat elegan dan cocok buat teman teman memberikan kesan modis casual dan trendy sangat berkualitas<br/>Sepatu sesuai dengan pic + box<br/>Perkiraan size<br/>Ukuran sepatu pria :<br/>39 = 24 cm<br/>40 = 25 cm<br/>41 = 26 cm<br/>42 = 27 cm<br/>43 = 28 cm<br/>44 = 29 cm<br/><br/>Ukuran sepatu perempuan :<br/>36 = 23 cm<br/>37 = 23,5 cm<br/>38 = 24 cm<br/>39 = 24,5 cm<br/>40 = 25 cm<br/><br/>', 'ecl-spt-268386467', '2018-03-18 12:53:28', '', 22, 0, 1),
(969, 63, 'ECL-SPT-268386234', '268386234', 'SEPATU CASUAL VANS METALLICA', 'sepatu-casual-vans-metallica', 325200, 332200, '            BONUS : FREE BOX DAN FREE STICKER<br/><br/><br/>JIKA BARANG YANG SAMPAI KEKECILAN ATAU KEBESARAN BISA RETURN ! BARANG DATANG CACAT MAYOR / TIDAK SESUAI DENGAN DESKRIPSI KITA GANTI BARU TANPA ADA TAMBAHAN BIAYA!<br/><br/>Mohon dibaca dulu sebelum membeli :<br/>Sepatu free box<br/>sepatu cocok untuk segala acara kamu.<br/><br/>Ready size : 39,40,41,42,43,44<br/><br/>untuk order jangan lupa sertakan size dan urutan no gambar pada kolom keterangan ;<br/>contoh<br/>&#34;order gambar no 1. size 39&#34;<br/><br/>tanpa keterangan kita kirim random.<br/><br/>sepatu sangat ringan dipakai sepatu dengan kualitas grade original, sepatu grade ORI adalah sepatu yg dipacking dengan box sesuai originalnya sepatu denagan kualitas unggulan dibuat menggunakan bahan lembut yang mengikuti lekuk kaki tidak keras sangat elegan dan cocok buat teman teman memberikan kesan modis casual dan trendy sangat berkualitas<br/>Sepatu sesuai dengan pic + box<br/>Perkiraan size<br/>Ukuran sepatu pria :<br/>39 = 24 cm<br/>40 = 25 cm<br/>41 = 26 cm<br/>42 = 27 cm<br/>43 = 28 cm<br/>44 = 29 cm<br/><br/>Ukuran sepatu perempuan :<br/>36 = 23 cm<br/>37 = 23,5 cm<br/>38 = 24 cm<br/>39 = 24,5 cm<br/>40 = 25 cm<br/><br/>', 'ecl-spt-268386234', '2018-03-18 12:53:37', '', 22, 0, 1),
(970, 62, 'ECL-SPT-268385977', '268385977', 'SEPATU CONVERSE HIGH 70S NEW', 'sepatu-converse-high-70s-new', 499200, 506200, '            BONUS : FREE BOX DAN FREE STICKER<br/><br/><br/>JIKA BARANG YANG SAMPAI KEKECILAN ATAU KEBESARAN BISA RETURN ! BARANG DATANG CACAT MAYOR / TIDAK SESUAI DENGAN DESKRIPSI KITA GANTI BARU TANPA ADA TAMBAHAN BIAYA!<br/><br/>Mohon dibaca dulu sebelum membeli :<br/>Sepatu free box<br/>sepatu cocok untuk segala acara kamu.<br/><br/>Ready size : 39,40,41,42,43,44<br/><br/>untuk order jangan lupa sertakan size dan urutan no gambar pada kolom keterangan ;<br/>contoh<br/>&#34;order gambar no 1. size 39&#34;<br/><br/>tanpa keterangan kita kirim random.<br/><br/>sepatu sangat ringan dipakai sepatu dengan kualitas grade original, sepatu grade ORI adalah sepatu yg dipacking dengan box sesuai originalnya sepatu denagan kualitas unggulan dibuat menggunakan bahan lembut yang mengikuti lekuk kaki tidak keras sangat elegan dan cocok buat teman teman memberikan kesan modis casual dan trendy sangat berkualitas<br/>Sepatu sesuai dengan pic + box<br/>Perkiraan size<br/>Ukuran sepatu pria :<br/>39 = 24 cm<br/>40 = 25 cm<br/>41 = 26 cm<br/>42 = 27 cm<br/>43 = 28 cm<br/>44 = 29 cm<br/><br/>Ukuran sepatu perempuan :<br/>36 = 23 cm<br/>37 = 23,5 cm<br/>38 = 24 cm<br/>39 = 24,5 cm<br/>40 = 25 cm<br/><br/>', 'ecl-spt-268385977', '2018-03-18 12:53:49', '', 22, 0, 1),
(971, 63, 'ECL-SPT-268385539', '268385539', 'SEPATU VANS OLD SKOOL CHECKERBOARD NEW', 'sepatu-vans-old-skool-checkerboard-new', 299200, 306200, '            BONUS : FREE BOX DAN FREE STICKER<br/><br/><br/>JIKA BARANG YANG SAMPAI KEKECILAN ATAU KEBESARAN BISA RETURN ! BARANG DATANG CACAT MAYOR / TIDAK SESUAI DENGAN DESKRIPSI KITA GANTI BARU TANPA ADA TAMBAHAN BIAYA!<br/><br/>Mohon dibaca dulu sebelum membeli :<br/>Sepatu free box<br/>sepatu cocok untuk segala acara kamu.<br/><br/>Ready size : 39,40,41,42,43,44<br/><br/>untuk order jangan lupa sertakan size dan urutan no gambar pada kolom keterangan ;<br/>contoh<br/>&#34;order gambar no 1. size 39&#34;<br/><br/>tanpa keterangan kita kirim random.<br/><br/>sepatu sangat ringan dipakai sepatu dengan kualitas grade original, sepatu grade ORI adalah sepatu yg dipacking dengan box sesuai originalnya sepatu denagan kualitas unggulan dibuat menggunakan bahan lembut yang mengikuti lekuk kaki tidak keras sangat elegan dan cocok buat teman teman memberikan kesan modis casual dan trendy sangat berkualitas<br/>Sepatu sesuai dengan pic + box<br/>Perkiraan size<br/>Ukuran sepatu pria :<br/>39 = 24 cm<br/>40 = 25 cm<br/>41 = 26 cm<br/>42 = 27 cm<br/>43 = 28 cm<br/>44 = 29 cm<br/><br/>Ukuran sepatu perempuan :<br/>36 = 23 cm<br/>37 = 23,5 cm<br/>38 = 24 cm<br/>39 = 24,5 cm<br/>40 = 25 cm<br/><br/>', 'ecl-spt-268385539', '2018-03-18 12:54:10', '', 22, 0, 1),
(972, 63, 'ECL-SPT-268385213', '268385213', 'SEPATU VANS OLD SKOOL GREY', 'sepatu-vans-old-skool-grey', 285200, 292200, '            BONUS : FREE BOX DAN FREE STICKER<br/><br/><br/>JIKA BARANG YANG SAMPAI KEKECILAN ATAU KEBESARAN BISA RETURN ! BARANG DATANG CACAT MAYOR / TIDAK SESUAI DENGAN DESKRIPSI KITA GANTI BARU TANPA ADA TAMBAHAN BIAYA!<br/><br/>Mohon dibaca dulu sebelum membeli :<br/>Sepatu free box<br/>sepatu cocok untuk segala acara kamu.<br/><br/>Ready size : 39,40,41,42,43,44<br/><br/>untuk order jangan lupa sertakan size dan urutan no gambar pada kolom keterangan ;<br/>contoh<br/>&#34;order gambar no 1. size 39&#34;<br/><br/>tanpa keterangan kita kirim random.<br/><br/>sepatu sangat ringan dipakai sepatu dengan kualitas grade original, sepatu grade ORI adalah sepatu yg dipacking dengan box sesuai originalnya sepatu denagan kualitas unggulan dibuat menggunakan bahan lembut yang mengikuti lekuk kaki tidak keras sangat elegan dan cocok buat teman teman memberikan kesan modis casual dan trendy sangat berkualitas<br/>Sepatu sesuai dengan pic + box<br/>Perkiraan size<br/>Ukuran sepatu pria :<br/>39 = 24 cm<br/>40 = 25 cm<br/>41 = 26 cm<br/>42 = 27 cm<br/>43 = 28 cm<br/>44 = 29 cm<br/><br/>Ukuran sepatu perempuan :<br/>36 = 23 cm<br/>37 = 23,5 cm<br/>38 = 24 cm<br/>39 = 24,5 cm<br/>40 = 25 cm<br/><br/>', 'ecl-spt-268385213', '2018-03-18 12:54:17', '', 22, 0, 1),
(973, 63, 'ECL-SPT-268384948', '268384948', 'SEPATU VANS SK8 SUPREME NEW MURAH', 'sepatu-vans-sk8-supreme-new-murah', 400200, 407200, '            BONUS : FREE BOX DAN FREE STICKER<br/><br/><br/>JIKA BARANG YANG SAMPAI KEKECILAN ATAU KEBESARAN BISA RETURN ! BARANG DATANG CACAT MAYOR / TIDAK SESUAI DENGAN DESKRIPSI KITA GANTI BARU TANPA ADA TAMBAHAN BIAYA!<br/><br/>Mohon dibaca dulu sebelum membeli :<br/>Sepatu free box<br/>sepatu cocok untuk segala acara kamu.<br/><br/>Ready size : 39,40,41,42,43,44<br/><br/>untuk order jangan lupa sertakan size dan urutan no gambar pada kolom keterangan ;<br/>contoh<br/>&#34;order gambar no 1. size 39&#34;<br/><br/>tanpa keterangan kita kirim random.<br/><br/>sepatu sangat ringan dipakai sepatu dengan kualitas grade original, sepatu grade ORI adalah sepatu yg dipacking dengan box sesuai originalnya sepatu denagan kualitas unggulan dibuat menggunakan bahan lembut yang mengikuti lekuk kaki tidak keras sangat elegan dan cocok buat teman teman memberikan kesan modis casual dan trendy sangat berkualitas<br/>Sepatu sesuai dengan pic + box<br/>Perkiraan size<br/>Ukuran sepatu pria :<br/>39 = 24 cm<br/>40 = 25 cm<br/>41 = 26 cm<br/>42 = 27 cm<br/>43 = 28 cm<br/>44 = 29 cm<br/><br/>Ukuran sepatu perempuan :<br/>36 = 23 cm<br/>37 = 23,5 cm<br/>38 = 24 cm<br/>39 = 24,5 cm<br/>40 = 25 cm<br/><br/>', 'ecl-spt-268384948', '2018-03-18 12:54:26', '', 22, 0, 1),
(974, 64, 'ECL-SPT-267580596', '267580596', 'SEPATU RUNNING PRIA NIKE VAPOR MAX ORIGINAL', 'sepatu-running-pria-nike-vapor-max-original', 225200, 232200, '            BONUS : FREE BOX DAN FREE STICKER<br/><br/><br/>JIKA BARANG YANG SAMPAI KEKECILAN ATAU KEBESARAN BISA RETURN ! BARANG DATANG CACAT MAYOR / TIDAK SESUAI DENGAN DESKRIPSI KITA GANTI BARU TANPA ADA TAMBAHAN BIAYA!<br/><br/>Mohon dibaca dulu sebelum membeli :<br/>Sepatu free box<br/>sepatu cocok untuk segala acara kamu.<br/><br/>Ready size : 39,40,41,42,43,44<br/><br/>untuk order jangan lupa sertakan size dan urutan no gambar pada kolom keterangan ;<br/>contoh<br/>&#34;order gambar no 1. size 39&#34;<br/><br/>tanpa keterangan kita kirim random.<br/><br/>sepatu sangat ringan dipakai sepatu dengan kualitas grade original, sepatu grade ORI adalah sepatu yg dipacking dengan box sesuai originalnya sepatu denagan kualitas unggulan dibuat menggunakan bahan lembut yang mengikuti lekuk kaki tidak keras sangat elegan dan cocok buat teman teman memberikan kesan modis casual dan trendy sangat berkualitas<br/>Sepatu sesuai dengan pic + box<br/>Perkiraan size<br/>Ukuran sepatu pria :<br/>39 = 24 cm<br/>40 = 25 cm<br/>41 = 26 cm<br/>42 = 27 cm<br/>43 = 28 cm<br/>44 = 29 cm<br/><br/>Ukuran sepatu perempuan :<br/>36 = 23 cm<br/>37 = 23,5 cm<br/>38 = 24 cm<br/>39 = 24,5 cm<br/>40 = 25 cm<br/><br/>', 'ecl-spt-267580596', '2018-03-18 12:54:47', '', 22, 0, 1),
(975, 63, 'ECL-SPT-267580053', '267580053', 'SEPATU VANS SLIP ON CHECKERBOARD OFF WHITE NAVY IMPORT', 'sepatu-vans-slip-on-checkerboard-off-white-navy-import', 255200, 262200, '            BONUS : FREE BOX DAN FREE STICKER<br/><br/><br/>JIKA BARANG YANG SAMPAI KEKECILAN ATAU KEBESARAN BISA RETURN ! BARANG DATANG CACAT MAYOR / TIDAK SESUAI DENGAN DESKRIPSI KITA GANTI BARU TANPA ADA TAMBAHAN BIAYA!<br/><br/>Mohon dibaca dulu sebelum membeli :<br/>Sepatu free box<br/>sepatu cocok untuk segala acara kamu.<br/><br/>Ready size : 39,40,41,42,43,44<br/><br/>untuk order jangan lupa sertakan size dan urutan no gambar pada kolom keterangan ;<br/>contoh<br/>&#34;order gambar no 1. size 39&#34;<br/><br/>tanpa keterangan kita kirim random.<br/><br/>sepatu sangat ringan dipakai sepatu dengan kualitas grade original, sepatu grade ORI adalah sepatu yg dipacking dengan box sesuai originalnya sepatu denagan kualitas unggulan dibuat menggunakan bahan lembut yang mengikuti lekuk kaki tidak keras sangat elegan dan cocok buat teman teman memberikan kesan modis casual dan trendy sangat berkualitas<br/>Sepatu sesuai dengan pic + box<br/>Perkiraan size<br/>Ukuran sepatu pria :<br/>39 = 24 cm<br/>40 = 25 cm<br/>41 = 26 cm<br/>42 = 27 cm<br/>43 = 28 cm<br/>44 = 29 cm<br/><br/>Ukuran sepatu perempuan :<br/>36 = 23 cm<br/>37 = 23,5 cm<br/>38 = 24 cm<br/>39 = 24,5 cm<br/>40 = 25 cm<br/><br/>', 'ecl-spt-267580053', '2018-03-18 12:54:54', '', 22, 0, 1),
(976, 53, 'ECL-SPT-267579629', '267579629', 'SEPATU ADIDAS ZOOM MEN NEW SPORT', 'sepatu-adidas-zoom-men-new-sport', 165200, 172200, '            BONUS : FREE BOX DAN FREE STICKER<br/><br/><br/>JIKA BARANG YANG SAMPAI KEKECILAN ATAU KEBESARAN BISA RETURN ! BARANG DATANG CACAT MAYOR / TIDAK SESUAI DENGAN DESKRIPSI KITA GANTI BARU TANPA ADA TAMBAHAN BIAYA!<br/><br/>Mohon dibaca dulu sebelum membeli :<br/>Sepatu free box<br/>sepatu cocok untuk segala acara kamu.<br/><br/>Ready size : 39,40,41,42,43,44<br/><br/>untuk order jangan lupa sertakan size dan urutan no gambar pada kolom keterangan ;<br/>contoh<br/>&#34;order gambar no 1. size 39&#34;<br/><br/>tanpa keterangan kita kirim random.<br/><br/>sepatu sangat ringan dipakai sepatu dengan kualitas grade original, sepatu grade ORI adalah sepatu yg dipacking dengan box sesuai originalnya sepatu denagan kualitas unggulan dibuat menggunakan bahan lembut yang mengikuti lekuk kaki tidak keras sangat elegan dan cocok buat teman teman memberikan kesan modis casual dan trendy sangat berkualitas<br/>Sepatu sesuai dengan pic + box<br/>Perkiraan size<br/>Ukuran sepatu pria :<br/>39 = 24 cm<br/>40 = 25 cm<br/>41 = 26 cm<br/>42 = 27 cm<br/>43 = 28 cm<br/>44 = 29 cm<br/><br/>Ukuran sepatu perempuan :<br/>36 = 23 cm<br/>37 = 23,5 cm<br/>38 = 24 cm<br/>39 = 24,5 cm<br/>40 = 25 cm<br/><br/>', 'ecl-spt-267579629', '2018-03-18 12:55:10', '', 22, 0, 1);
INSERT INTO `master_product` (`id`, `id_category`, `eclast_code`, `supplier_code`, `name`, `slug`, `supplier_price`, `eclast_price`, `description`, `main_image`, `date_created`, `merek`, `codelExpedisi`, `status`, `status_temp`) VALUES
(977, 64, 'ECL-SPT-267579186', '267579186', 'SEPATU RUNNER NIKE SPORT NEO MURAH', 'sepatu-runner-nike-sport-neo-murah', 165200, 172200, '            BONUS : FREE BOX DAN FREE STICKER<br/><br/><br/>JIKA BARANG YANG SAMPAI KEKECILAN ATAU KEBESARAN BISA RETURN ! BARANG DATANG CACAT MAYOR / TIDAK SESUAI DENGAN DESKRIPSI KITA GANTI BARU TANPA ADA TAMBAHAN BIAYA!<br/><br/>Mohon dibaca dulu sebelum membeli :<br/>Sepatu free box<br/>sepatu cocok untuk segala acara kamu.<br/><br/>Ready size : 39,40,41,42,43,44<br/><br/>untuk order jangan lupa sertakan size dan urutan no gambar pada kolom keterangan ;<br/>contoh<br/>&#34;order gambar no 1. size 39&#34;<br/><br/>tanpa keterangan kita kirim random.<br/><br/>sepatu sangat ringan dipakai sepatu dengan kualitas grade original, sepatu grade ORI adalah sepatu yg dipacking dengan box sesuai originalnya sepatu denagan kualitas unggulan dibuat menggunakan bahan lembut yang mengikuti lekuk kaki tidak keras sangat elegan dan cocok buat teman teman memberikan kesan modis casual dan trendy sangat berkualitas<br/>Sepatu sesuai dengan pic + box<br/>Perkiraan size<br/>Ukuran sepatu pria :<br/>39 = 24 cm<br/>40 = 25 cm<br/>41 = 26 cm<br/>42 = 27 cm<br/>43 = 28 cm<br/>44 = 29 cm<br/><br/>Ukuran sepatu perempuan :<br/>36 = 23 cm<br/>37 = 23,5 cm<br/>38 = 24 cm<br/>39 = 24,5 cm<br/>40 = 25 cm<br/><br/>', 'ecl-spt-267579186', '2018-03-18 12:55:32', '', 22, 0, 1),
(978, 53, 'ECL-SPT-267578832', '267578832', 'SEPATU ADIDAS NEO JOGGING MEN SPORT', 'sepatu-adidas-neo-jogging-men-sport', 165200, 172200, '            BONUS : FREE BOX DAN FREE STICKER<br/><br/><br/>JIKA BARANG YANG SAMPAI KEKECILAN ATAU KEBESARAN BISA RETURN ! BARANG DATANG CACAT MAYOR / TIDAK SESUAI DENGAN DESKRIPSI KITA GANTI BARU TANPA ADA TAMBAHAN BIAYA!<br/><br/>Mohon dibaca dulu sebelum membeli :<br/>Sepatu free box<br/>sepatu cocok untuk segala acara kamu.<br/><br/>Ready size : 39,40,41,42,43,44<br/><br/>untuk order jangan lupa sertakan size dan urutan no gambar pada kolom keterangan ;<br/>contoh<br/>&#34;order gambar no 1. size 39&#34;<br/><br/>tanpa keterangan kita kirim random.<br/><br/>sepatu sangat ringan dipakai sepatu dengan kualitas grade original, sepatu grade ORI adalah sepatu yg dipacking dengan box sesuai originalnya sepatu denagan kualitas unggulan dibuat menggunakan bahan lembut yang mengikuti lekuk kaki tidak keras sangat elegan dan cocok buat teman teman memberikan kesan modis casual dan trendy sangat berkualitas<br/>Sepatu sesuai dengan pic + box<br/>Perkiraan size<br/>Ukuran sepatu pria :<br/>39 = 24 cm<br/>40 = 25 cm<br/>41 = 26 cm<br/>42 = 27 cm<br/>43 = 28 cm<br/>44 = 29 cm<br/><br/>Ukuran sepatu perempuan :<br/>36 = 23 cm<br/>37 = 23,5 cm<br/>38 = 24 cm<br/>39 = 24,5 cm<br/>40 = 25 cm<br/><br/>', 'ecl-spt-267578832', '2018-03-18 12:55:56', '', 22, 0, 1),
(979, 63, 'ECL-SPT-267578456', '267578456', 'SEPATU VANS SLIP ON PRIA THRASER IMPORT', 'sepatu-vans-slip-on-pria-thraser-import', 325200, 332200, '            BONUS : FREE BOX DAN FREE STICKER<br/><br/><br/>JIKA BARANG YANG SAMPAI KEKECILAN ATAU KEBESARAN BISA RETURN ! BARANG DATANG CACAT MAYOR / TIDAK SESUAI DENGAN DESKRIPSI KITA GANTI BARU TANPA ADA TAMBAHAN BIAYA!<br/><br/>Mohon dibaca dulu sebelum membeli :<br/>Sepatu free box<br/>sepatu cocok untuk segala acara kamu.<br/><br/>Ready size : 39,40,41,42,43,44<br/><br/>untuk order jangan lupa sertakan size dan urutan no gambar pada kolom keterangan ;<br/>contoh<br/>&#34;order gambar no 1. size 39&#34;<br/><br/>tanpa keterangan kita kirim random.<br/><br/>sepatu sangat ringan dipakai sepatu dengan kualitas grade original, sepatu grade ORI adalah sepatu yg dipacking dengan box sesuai originalnya sepatu denagan kualitas unggulan dibuat menggunakan bahan lembut yang mengikuti lekuk kaki tidak keras sangat elegan dan cocok buat teman teman memberikan kesan modis casual dan trendy sangat berkualitas<br/>Sepatu sesuai dengan pic + box<br/>Perkiraan size<br/>Ukuran sepatu pria :<br/>39 = 24 cm<br/>40 = 25 cm<br/>41 = 26 cm<br/>42 = 27 cm<br/>43 = 28 cm<br/>44 = 29 cm<br/><br/>Ukuran sepatu perempuan :<br/>36 = 23 cm<br/>37 = 23,5 cm<br/>38 = 24 cm<br/>39 = 24,5 cm<br/>40 = 25 cm<br/><br/>', 'ecl-spt-267578456', '2018-03-18 12:56:05', '', 22, 0, 1),
(980, 63, 'ECL-SPT-267577892', '267577892', 'SEPATU CASUAL PRIA VANS CHECKERBOARD BW ICC', 'sepatu-casual-pria-vans-checkerboard-bw-icc', 255200, 262200, '            BONUS : FREE BOX DAN FREE STICKER<br/><br/><br/>JIKA BARANG YANG SAMPAI KEKECILAN ATAU KEBESARAN BISA RETURN ! BARANG DATANG CACAT MAYOR / TIDAK SESUAI DENGAN DESKRIPSI KITA GANTI BARU TANPA ADA TAMBAHAN BIAYA!<br/><br/>Mohon dibaca dulu sebelum membeli :<br/>Sepatu free box<br/>sepatu cocok untuk segala acara kamu.<br/><br/>Ready size : 39,40,41,42,43,44<br/><br/>untuk order jangan lupa sertakan size dan urutan no gambar pada kolom keterangan ;<br/>contoh<br/>&#34;order gambar no 1. size 39&#34;<br/><br/>tanpa keterangan kita kirim random.<br/><br/>sepatu sangat ringan dipakai sepatu dengan kualitas grade original, sepatu grade ORI adalah sepatu yg dipacking dengan box sesuai originalnya sepatu denagan kualitas unggulan dibuat menggunakan bahan lembut yang mengikuti lekuk kaki tidak keras sangat elegan dan cocok buat teman teman memberikan kesan modis casual dan trendy sangat berkualitas<br/>Sepatu sesuai dengan pic + box<br/>Perkiraan size<br/>Ukuran sepatu pria :<br/>39 = 24 cm<br/>40 = 25 cm<br/>41 = 26 cm<br/>42 = 27 cm<br/>43 = 28 cm<br/>44 = 29 cm<br/><br/>Ukuran sepatu perempuan :<br/>36 = 23 cm<br/>37 = 23,5 cm<br/>38 = 24 cm<br/>39 = 24,5 cm<br/>40 = 25 cm<br/><br/>', 'ecl-spt-267577892', '2018-03-18 12:56:14', '', 22, 0, 1),
(981, 65, 'ECL-SPT-267577542', '267577542', 'SEPATU NEW BALANCE 547 KEREN IMPORT', 'sepatu-new-balance-547-keren-import', 175200, 182200, '            BONUS : FREE BOX DAN FREE STICKER<br/><br/><br/>JIKA BARANG YANG SAMPAI KEKECILAN ATAU KEBESARAN BISA RETURN ! BARANG DATANG CACAT MAYOR / TIDAK SESUAI DENGAN DESKRIPSI KITA GANTI BARU TANPA ADA TAMBAHAN BIAYA!<br/><br/>Mohon dibaca dulu sebelum membeli :<br/>Sepatu free box<br/>sepatu cocok untuk segala acara kamu.<br/><br/>Ready size : 39,40,41,42,43,44<br/><br/>untuk order jangan lupa sertakan size dan urutan no gambar pada kolom keterangan ;<br/>contoh<br/>&#34;order gambar no 1. size 39&#34;<br/><br/>tanpa keterangan kita kirim random.<br/><br/>sepatu sangat ringan dipakai sepatu dengan kualitas grade original, sepatu grade ORI adalah sepatu yg dipacking dengan box sesuai originalnya sepatu denagan kualitas unggulan dibuat menggunakan bahan lembut yang mengikuti lekuk kaki tidak keras sangat elegan dan cocok buat teman teman memberikan kesan modis casual dan trendy sangat berkualitas<br/>Sepatu sesuai dengan pic + box<br/>Perkiraan size<br/>Ukuran sepatu pria :<br/>39 = 24 cm<br/>40 = 25 cm<br/>41 = 26 cm<br/>42 = 27 cm<br/>43 = 28 cm<br/>44 = 29 cm<br/><br/>Ukuran sepatu perempuan :<br/>36 = 23 cm<br/>37 = 23,5 cm<br/>38 = 24 cm<br/>39 = 24,5 cm<br/>40 = 25 cm<br/><br/>', 'ecl-spt-267577542', '2018-03-18 12:56:36', '', 22, 0, 1),
(982, 53, 'ECL-SPT-267577058', '267577058', 'SEPATU RUNNER ADIDAS EQT MEN IMPORT', 'sepatu-runner-adidas-eqt-men-import', 175200, 182200, '            BONUS : FREE BOX DAN FREE STICKER<br/><br/><br/>JIKA BARANG YANG SAMPAI KEKECILAN ATAU KEBESARAN BISA RETURN ! BARANG DATANG CACAT MAYOR / TIDAK SESUAI DENGAN DESKRIPSI KITA GANTI BARU TANPA ADA TAMBAHAN BIAYA!<br/><br/>Mohon dibaca dulu sebelum membeli :<br/>Sepatu free box<br/>sepatu cocok untuk segala acara kamu.<br/><br/>Ready size : 39,40,41,42,43,44<br/><br/>untuk order jangan lupa sertakan size dan urutan no gambar pada kolom keterangan ;<br/>contoh<br/>&#34;order gambar no 1. size 39&#34;<br/><br/>tanpa keterangan kita kirim random.<br/><br/>sepatu sangat ringan dipakai sepatu dengan kualitas grade original, sepatu grade ORI adalah sepatu yg dipacking dengan box sesuai originalnya sepatu denagan kualitas unggulan dibuat menggunakan bahan lembut yang mengikuti lekuk kaki tidak keras sangat elegan dan cocok buat teman teman memberikan kesan modis casual dan trendy sangat berkualitas<br/>Sepatu sesuai dengan pic + box<br/>Perkiraan size<br/>Ukuran sepatu pria :<br/>39 = 24 cm<br/>40 = 25 cm<br/>41 = 26 cm<br/>42 = 27 cm<br/>43 = 28 cm<br/>44 = 29 cm<br/><br/>Ukuran sepatu perempuan :<br/>36 = 23 cm<br/>37 = 23,5 cm<br/>38 = 24 cm<br/>39 = 24,5 cm<br/>40 = 25 cm<br/><br/>', 'ecl-spt-267577058', '2018-03-18 12:57:03', '', 22, 0, 1),
(983, 53, 'ECL-SPT-267576685', '267576685', 'SEPATU SPORT ADIDAS NMD JAPAN WOMEN RUNNER', 'sepatu-sport-adidas-nmd-japan-women-runner', 225200, 232200, '            BONUS : FREE BOX DAN FREE STICKER<br/><br/><br/>JIKA BARANG YANG SAMPAI KEKECILAN ATAU KEBESARAN BISA RETURN ! BARANG DATANG CACAT MAYOR / TIDAK SESUAI DENGAN DESKRIPSI KITA GANTI BARU TANPA ADA TAMBAHAN BIAYA!<br/><br/>Mohon dibaca dulu sebelum membeli :<br/>Sepatu free box<br/>sepatu cocok untuk segala acara kamu.<br/><br/>Ready size : 39,40,41,42,43,44<br/><br/>untuk order jangan lupa sertakan size dan urutan no gambar pada kolom keterangan ;<br/>contoh<br/>&#34;order gambar no 1. size 39&#34;<br/><br/>tanpa keterangan kita kirim random.<br/><br/>sepatu sangat ringan dipakai sepatu dengan kualitas grade original, sepatu grade ORI adalah sepatu yg dipacking dengan box sesuai originalnya sepatu denagan kualitas unggulan dibuat menggunakan bahan lembut yang mengikuti lekuk kaki tidak keras sangat elegan dan cocok buat teman teman memberikan kesan modis casual dan trendy sangat berkualitas<br/>Sepatu sesuai dengan pic + box<br/>Perkiraan size<br/>Ukuran sepatu pria :<br/>39 = 24 cm<br/>40 = 25 cm<br/>41 = 26 cm<br/>42 = 27 cm<br/>43 = 28 cm<br/>44 = 29 cm<br/><br/>Ukuran sepatu perempuan :<br/>36 = 23 cm<br/>37 = 23,5 cm<br/>38 = 24 cm<br/>39 = 24,5 cm<br/>40 = 25 cm<br/><br/>', 'ecl-spt-267576685', '2018-03-18 12:57:11', '', 22, 0, 1),
(984, 53, 'ECL-SPT-267576380', '267576380', 'SEPATU ADIDAS ALPHABOUNCE SPORT NEW MURAH 2', 'sepatu-adidas-alphabounce-sport-new-murah-2', 165200, 172200, '            BONUS : FREE BOX DAN FREE STICKER<br/><br/><br/>JIKA BARANG YANG SAMPAI KEKECILAN ATAU KEBESARAN BISA RETURN ! BARANG DATANG CACAT MAYOR / TIDAK SESUAI DENGAN DESKRIPSI KITA GANTI BARU TANPA ADA TAMBAHAN BIAYA!<br/><br/>Mohon dibaca dulu sebelum membeli :<br/>Sepatu free box<br/>sepatu cocok untuk segala acara kamu.<br/><br/>Ready size : 39,40,41,42,43,44<br/><br/>untuk order jangan lupa sertakan size dan urutan no gambar pada kolom keterangan ;<br/>contoh<br/>&#34;order gambar no 1. size 39&#34;<br/><br/>tanpa keterangan kita kirim random.<br/><br/>sepatu sangat ringan dipakai sepatu dengan kualitas grade original, sepatu grade ORI adalah sepatu yg dipacking dengan box sesuai originalnya sepatu denagan kualitas unggulan dibuat menggunakan bahan lembut yang mengikuti lekuk kaki tidak keras sangat elegan dan cocok buat teman teman memberikan kesan modis casual dan trendy sangat berkualitas<br/>Sepatu sesuai dengan pic + box<br/>Perkiraan size<br/>Ukuran sepatu pria :<br/>39 = 24 cm<br/>40 = 25 cm<br/>41 = 26 cm<br/>42 = 27 cm<br/>43 = 28 cm<br/>44 = 29 cm<br/><br/>Ukuran sepatu perempuan :<br/>36 = 23 cm<br/>37 = 23,5 cm<br/>38 = 24 cm<br/>39 = 24,5 cm<br/>40 = 25 cm<br/><br/>', 'ecl-spt-267576380', '2018-03-18 12:57:19', '', 22, 0, 1),
(985, 66, 'ECL-SPT-266952169', '266952169', 'SEPATU CASUAL KULIT MOOFEAT LOW', 'sepatu-casual-kulit-moofeat-low', 175200, 182200, '            BONUS : FREE BOX DAN FREE STICKER<br/><br/><br/>JIKA BARANG YANG SAMPAI KEKECILAN ATAU KEBESARAN BISA RETURN ! BARANG DATANG CACAT MAYOR / TIDAK SESUAI DENGAN DESKRIPSI KITA GANTI BARU TANPA ADA TAMBAHAN BIAYA!<br/><br/>Mohon dibaca dulu sebelum membeli :<br/>Sepatu free box<br/>sepatu cocok untuk segala acara kamu.<br/><br/>Ready size : 39,40,41,42,43,44<br/><br/>untuk order jangan lupa sertakan size dan urutan no gambar pada kolom keterangan ;<br/>contoh<br/>&#34;order gambar no 1. size 39&#34;<br/><br/>tanpa keterangan kita kirim random.<br/><br/>sepatu sangat ringan dipakai sepatu dengan kualitas grade original, sepatu grade ORI adalah sepatu yg dipacking dengan box sesuai originalnya sepatu denagan kualitas unggulan dibuat menggunakan bahan lembut yang mengikuti lekuk kaki tidak keras sangat elegan dan cocok buat teman teman memberikan kesan modis casual dan trendy sangat berkualitas<br/>Sepatu sesuai dengan pic + box<br/>Perkiraan size<br/>Ukuran sepatu pria :<br/>39 = 24 cm<br/>40 = 25 cm<br/>41 = 26 cm<br/>42 = 27 cm<br/>43 = 28 cm<br/>44 = 29 cm<br/><br/>Ukuran sepatu perempuan :<br/>36 = 23 cm<br/>37 = 23,5 cm<br/>38 = 24 cm<br/>39 = 24,5 cm<br/>40 = 25 cm<br/><br/>', 'ecl-spt-266952169', '2018-03-18 12:57:25', '', 22, 0, 1),
(986, 53, 'ECL-SPT-266951820', '266951820', 'SEPATU ADIDAS ALPHABOUNCE RUNNING MEN', 'sepatu-adidas-alphabounce-running-men', 165200, 172200, '            BONUS : FREE BOX DAN FREE STICKER<br/><br/><br/>JIKA BARANG YANG SAMPAI KEKECILAN ATAU KEBESARAN BISA RETURN ! BARANG DATANG CACAT MAYOR / TIDAK SESUAI DENGAN DESKRIPSI KITA GANTI BARU TANPA ADA TAMBAHAN BIAYA!<br/><br/>Mohon dibaca dulu sebelum membeli :<br/>Sepatu free box<br/>sepatu cocok untuk segala acara kamu.<br/><br/>Ready size : 39,40,41,42,43,44<br/><br/>untuk order jangan lupa sertakan size dan urutan no gambar pada kolom keterangan ;<br/>contoh<br/>&#34;order gambar no 1. size 39&#34;<br/><br/>tanpa keterangan kita kirim random.<br/><br/>sepatu sangat ringan dipakai sepatu dengan kualitas grade original, sepatu grade ORI adalah sepatu yg dipacking dengan box sesuai originalnya sepatu denagan kualitas unggulan dibuat menggunakan bahan lembut yang mengikuti lekuk kaki tidak keras sangat elegan dan cocok buat teman teman memberikan kesan modis casual dan trendy sangat berkualitas<br/>Sepatu sesuai dengan pic + box<br/>Perkiraan size<br/>Ukuran sepatu pria :<br/>39 = 24 cm<br/>40 = 25 cm<br/>41 = 26 cm<br/>42 = 27 cm<br/>43 = 28 cm<br/>44 = 29 cm<br/><br/>Ukuran sepatu perempuan :<br/>36 = 23 cm<br/>37 = 23,5 cm<br/>38 = 24 cm<br/>39 = 24,5 cm<br/>40 = 25 cm<br/><br/>', 'ecl-spt-266951820', '2018-03-18 12:57:35', '', 22, 0, 1),
(987, 66, 'ECL-SPT-266951417', '266951417', 'SEPATU NEW BOOTS PRIA MOOFEAT IMPORT', 'sepatu-new-boots-pria-moofeat-import', 199200, 206200, '            BONUS : FREE BOX DAN FREE STICKER<br/><br/><br/>JIKA BARANG YANG SAMPAI KEKECILAN ATAU KEBESARAN BISA RETURN ! BARANG DATANG CACAT MAYOR / TIDAK SESUAI DENGAN DESKRIPSI KITA GANTI BARU TANPA ADA TAMBAHAN BIAYA!<br/><br/>Mohon dibaca dulu sebelum membeli :<br/>Sepatu free box<br/>sepatu cocok untuk segala acara kamu.<br/><br/>Ready size : 39,40,41,42,43,44<br/><br/>untuk order jangan lupa sertakan size dan urutan no gambar pada kolom keterangan ;<br/>contoh<br/>&#34;order gambar no 1. size 39&#34;<br/><br/>tanpa keterangan kita kirim random.<br/><br/>sepatu sangat ringan dipakai sepatu dengan kualitas grade original, sepatu grade ORI adalah sepatu yg dipacking dengan box sesuai originalnya sepatu denagan kualitas unggulan dibuat menggunakan bahan lembut yang mengikuti lekuk kaki tidak keras sangat elegan dan cocok buat teman teman memberikan kesan modis casual dan trendy sangat berkualitas<br/>Sepatu sesuai dengan pic + box<br/>Perkiraan size<br/>Ukuran sepatu pria :<br/>39 = 24 cm<br/>40 = 25 cm<br/>41 = 26 cm<br/>42 = 27 cm<br/>43 = 28 cm<br/>44 = 29 cm<br/><br/>Ukuran sepatu perempuan :<br/>36 = 23 cm<br/>37 = 23,5 cm<br/>38 = 24 cm<br/>39 = 24,5 cm<br/>40 = 25 cm<br/><br/>', 'ecl-spt-266951417', '2018-03-18 12:57:40', '', 22, 0, 1),
(988, 66, 'ECL-SPT-266950963', '266950963', 'SEPATU PRIA BOOTS HIGH MOOFEAT NEW', 'sepatu-pria-boots-high-moofeat-new', 199200, 206200, '            BONUS : FREE BOX DAN FREE STICKER<br/><br/><br/>JIKA BARANG YANG SAMPAI KEKECILAN ATAU KEBESARAN BISA RETURN ! BARANG DATANG CACAT MAYOR / TIDAK SESUAI DENGAN DESKRIPSI KITA GANTI BARU TANPA ADA TAMBAHAN BIAYA!<br/><br/>Mohon dibaca dulu sebelum membeli :<br/>Sepatu free box<br/>sepatu cocok untuk segala acara kamu.<br/><br/>Ready size : 39,40,41,42,43,44<br/><br/>untuk order jangan lupa sertakan size dan urutan no gambar pada kolom keterangan ;<br/>contoh<br/>&#34;order gambar no 1. size 39&#34;<br/><br/>tanpa keterangan kita kirim random.<br/><br/>sepatu sangat ringan dipakai sepatu dengan kualitas grade original, sepatu grade ORI adalah sepatu yg dipacking dengan box sesuai originalnya sepatu denagan kualitas unggulan dibuat menggunakan bahan lembut yang mengikuti lekuk kaki tidak keras sangat elegan dan cocok buat teman teman memberikan kesan modis casual dan trendy sangat berkualitas<br/>Sepatu sesuai dengan pic + box<br/>Perkiraan size<br/>Ukuran sepatu pria :<br/>39 = 24 cm<br/>40 = 25 cm<br/>41 = 26 cm<br/>42 = 27 cm<br/>43 = 28 cm<br/>44 = 29 cm<br/><br/>Ukuran sepatu perempuan :<br/>36 = 23 cm<br/>37 = 23,5 cm<br/>38 = 24 cm<br/>39 = 24,5 cm<br/>40 = 25 cm<br/><br/>', 'ecl-spt-266950963', '2018-03-18 12:57:45', '', 22, 0, 1),
(989, 66, 'ECL-SPT-266950581', '266950581', 'SEPATU LOW BOOTS MOOFEAT TERREX IMPORT', 'sepatu-low-boots-moofeat-terrex-import', 199200, 206200, '            BONUS : FREE BOX DAN FREE STICKER<br/><br/><br/>JIKA BARANG YANG SAMPAI KEKECILAN ATAU KEBESARAN BISA RETURN ! BARANG DATANG CACAT MAYOR / TIDAK SESUAI DENGAN DESKRIPSI KITA GANTI BARU TANPA ADA TAMBAHAN BIAYA!<br/><br/>Mohon dibaca dulu sebelum membeli :<br/>Sepatu free box<br/>sepatu cocok untuk segala acara kamu.<br/><br/>Ready size : 39,40,41,42,43,44<br/><br/>untuk order jangan lupa sertakan size dan urutan no gambar pada kolom keterangan ;<br/>contoh<br/>&#34;order gambar no 1. size 39&#34;<br/><br/>tanpa keterangan kita kirim random.<br/><br/>sepatu sangat ringan dipakai sepatu dengan kualitas grade original, sepatu grade ORI adalah sepatu yg dipacking dengan box sesuai originalnya sepatu denagan kualitas unggulan dibuat menggunakan bahan lembut yang mengikuti lekuk kaki tidak keras sangat elegan dan cocok buat teman teman memberikan kesan modis casual dan trendy sangat berkualitas<br/>Sepatu sesuai dengan pic + box<br/>Perkiraan size<br/>Ukuran sepatu pria :<br/>39 = 24 cm<br/>40 = 25 cm<br/>41 = 26 cm<br/>42 = 27 cm<br/>43 = 28 cm<br/>44 = 29 cm<br/><br/>Ukuran sepatu perempuan :<br/>36 = 23 cm<br/>37 = 23,5 cm<br/>38 = 24 cm<br/>39 = 24,5 cm<br/>40 = 25 cm<br/><br/>', 'ecl-spt-266950581', '2018-03-18 12:57:56', '', 22, 0, 1),
(990, 53, 'ECL-SPT-265689996', '265689996', 'SEPATU ADIDAS ZOOM RAINBOW NEW SPORT', 'sepatu-adidas-zoom-rainbow-new-sport', 165200, 172200, '            BONUS : FREE BOX DAN FREE STICKER<br/><br/><br/>JIKA BARANG YANG SAMPAI KEKECILAN ATAU KEBESARAN BISA RETURN ! BARANG DATANG CACAT MAYOR / TIDAK SESUAI DENGAN DESKRIPSI KITA GANTI BARU TANPA ADA TAMBAHAN BIAYA!<br/><br/>Mohon dibaca dulu sebelum membeli :<br/>Sepatu free box<br/>sepatu cocok untuk segala acara kamu.<br/><br/>Ready size : 39,40,41,42,43,44<br/><br/>untuk order jangan lupa sertakan size dan urutan no gambar pada kolom keterangan ;<br/>contoh<br/>&#34;order gambar no 1. size 39&#34;<br/><br/>tanpa keterangan kita kirim random.<br/><br/>sepatu sangat ringan dipakai sepatu dengan kualitas grade original, sepatu grade ORI adalah sepatu yg dipacking dengan box sesuai originalnya sepatu denagan kualitas unggulan dibuat menggunakan bahan lembut yang mengikuti lekuk kaki tidak keras sangat elegan dan cocok buat teman teman memberikan kesan modis casual dan trendy sangat berkualitas<br/>Sepatu sesuai dengan pic + box<br/>Perkiraan size<br/>Ukuran sepatu pria :<br/>39 = 24 cm<br/>40 = 25 cm<br/>41 = 26 cm<br/>42 = 27 cm<br/>43 = 28 cm<br/>44 = 29 cm<br/><br/>Ukuran sepatu perempuan :<br/>36 = 23 cm<br/>37 = 23,5 cm<br/>38 = 24 cm<br/>39 = 24,5 cm<br/>40 = 25 cm<br/><br/>', 'ecl-spt-265689996', '2018-03-18 12:58:03', '', 22, 0, 1),
(991, 63, 'ECL-SPT-265689249', '265689249', 'SEPATU VANS SLIP ON CHECKERBOARD THRASER IMPORT NEW', 'sepatu-vans-slip-on-checkerboard-thraser-import-new', 299200, 306200, '            BONUS : FREE BOX DAN FREE STICKER<br/><br/><br/>JIKA BARANG YANG SAMPAI KEKECILAN ATAU KEBESARAN BISA RETURN ! BARANG DATANG CACAT MAYOR / TIDAK SESUAI DENGAN DESKRIPSI KITA GANTI BARU TANPA ADA TAMBAHAN BIAYA!<br/><br/>Mohon dibaca dulu sebelum membeli :<br/>Sepatu free box<br/>sepatu cocok untuk segala acara kamu.<br/><br/>Ready size : 39,40,41,42,43,44<br/><br/>untuk order jangan lupa sertakan size dan urutan no gambar pada kolom keterangan ;<br/>contoh<br/>&#34;order gambar no 1. size 39&#34;<br/><br/>tanpa keterangan kita kirim random.<br/><br/>sepatu sangat ringan dipakai sepatu dengan kualitas grade original, sepatu grade ORI adalah sepatu yg dipacking dengan box sesuai originalnya sepatu denagan kualitas unggulan dibuat menggunakan bahan lembut yang mengikuti lekuk kaki tidak keras sangat elegan dan cocok buat teman teman memberikan kesan modis casual dan trendy sangat berkualitas<br/>Sepatu sesuai dengan pic + box<br/>Perkiraan size<br/>Ukuran sepatu pria :<br/>39 = 24 cm<br/>40 = 25 cm<br/>41 = 26 cm<br/>42 = 27 cm<br/>43 = 28 cm<br/>44 = 29 cm<br/><br/>Ukuran sepatu perempuan :<br/>36 = 23 cm<br/>37 = 23,5 cm<br/>38 = 24 cm<br/>39 = 24,5 cm<br/>40 = 25 cm<br/><br/>', 'ecl-spt-265689249', '2018-03-18 12:58:07', '', 22, 0, 1),
(992, 63, 'ECL-SPT-265688703', '265688703', 'SEPATU VANS SLIP ON LOW CHECKERBOARD BLACK WHITE', 'sepatu-vans-slip-on-low-checkerboard-black-white', 255200, 262200, '            BONUS : FREE BOX DAN FREE STICKER<br/><br/><br/>JIKA BARANG YANG SAMPAI KEKECILAN ATAU KEBESARAN BISA RETURN ! BARANG DATANG CACAT MAYOR / TIDAK SESUAI DENGAN DESKRIPSI KITA GANTI BARU TANPA ADA TAMBAHAN BIAYA!<br/><br/>Mohon dibaca dulu sebelum membeli :<br/>Sepatu free box<br/>sepatu cocok untuk segala acara kamu.<br/><br/>Ready size : 39,40,41,42,43,44<br/><br/>untuk order jangan lupa sertakan size dan urutan no gambar pada kolom keterangan ;<br/>contoh<br/>&#34;order gambar no 1. size 39&#34;<br/><br/>tanpa keterangan kita kirim random.<br/><br/>sepatu sangat ringan dipakai sepatu dengan kualitas grade original, sepatu grade ORI adalah sepatu yg dipacking dengan box sesuai originalnya sepatu denagan kualitas unggulan dibuat menggunakan bahan lembut yang mengikuti lekuk kaki tidak keras sangat elegan dan cocok buat teman teman memberikan kesan modis casual dan trendy sangat berkualitas<br/>Sepatu sesuai dengan pic + box<br/>Perkiraan size<br/>Ukuran sepatu pria :<br/>39 = 24 cm<br/>40 = 25 cm<br/>41 = 26 cm<br/>42 = 27 cm<br/>43 = 28 cm<br/>44 = 29 cm<br/><br/>Ukuran sepatu perempuan :<br/>36 = 23 cm<br/>37 = 23,5 cm<br/>38 = 24 cm<br/>39 = 24,5 cm<br/>40 = 25 cm<br/><br/>', 'ecl-spt-265688703', '2018-03-18 12:58:11', '', 22, 0, 1),
(993, 53, 'ECL-SPT-265688350', '265688350', 'SEPATU ADIDAS ALPHABOUNCE NEW', 'sepatu-adidas-alphabounce-new', 165200, 172200, '            BONUS : FREE BOX DAN FREE STICKER<br/><br/><br/>JIKA BARANG YANG SAMPAI KEKECILAN ATAU KEBESARAN BISA RETURN ! BARANG DATANG CACAT MAYOR / TIDAK SESUAI DENGAN DESKRIPSI KITA GANTI BARU TANPA ADA TAMBAHAN BIAYA!<br/><br/>Mohon dibaca dulu sebelum membeli :<br/>Sepatu free box<br/>sepatu cocok untuk segala acara kamu.<br/><br/>Ready size : 39,40,41,42,43,44<br/><br/>untuk order jangan lupa sertakan size dan urutan no gambar pada kolom keterangan ;<br/>contoh<br/>&#34;order gambar no 1. size 39&#34;<br/><br/>tanpa keterangan kita kirim random.<br/><br/>sepatu sangat ringan dipakai sepatu dengan kualitas grade original, sepatu grade ORI adalah sepatu yg dipacking dengan box sesuai originalnya sepatu denagan kualitas unggulan dibuat menggunakan bahan lembut yang mengikuti lekuk kaki tidak keras sangat elegan dan cocok buat teman teman memberikan kesan modis casual dan trendy sangat berkualitas<br/>Sepatu sesuai dengan pic + box<br/>Perkiraan size<br/>Ukuran sepatu pria :<br/>39 = 24 cm<br/>40 = 25 cm<br/>41 = 26 cm<br/>42 = 27 cm<br/>43 = 28 cm<br/>44 = 29 cm<br/><br/>Ukuran sepatu perempuan :<br/>36 = 23 cm<br/>37 = 23,5 cm<br/>38 = 24 cm<br/>39 = 24,5 cm<br/>40 = 25 cm<br/><br/>', 'ecl-spt-265688350', '2018-03-18 12:58:20', '', 22, 0, 1),
(994, 64, 'ECL-SPT-265687981', '265687981', 'SEPATU NIKE JOGGING IMPORT NEW SPORT', 'sepatu-nike-jogging-import-new-sport', 169200, 176200, '            BONUS : FREE BOX DAN FREE STICKER<br/><br/><br/>JIKA BARANG YANG SAMPAI KEKECILAN ATAU KEBESARAN BISA RETURN ! BARANG DATANG CACAT MAYOR / TIDAK SESUAI DENGAN DESKRIPSI KITA GANTI BARU TANPA ADA TAMBAHAN BIAYA!<br/><br/>Mohon dibaca dulu sebelum membeli :<br/>Sepatu free box<br/>sepatu cocok untuk segala acara kamu.<br/><br/>Ready size : 39,40,41,42,43,44<br/><br/>untuk order jangan lupa sertakan size dan urutan no gambar pada kolom keterangan ;<br/>contoh<br/>&#34;order gambar no 1. size 39&#34;<br/><br/>tanpa keterangan kita kirim random.<br/><br/>sepatu sangat ringan dipakai sepatu dengan kualitas grade original, sepatu grade ORI adalah sepatu yg dipacking dengan box sesuai originalnya sepatu denagan kualitas unggulan dibuat menggunakan bahan lembut yang mengikuti lekuk kaki tidak keras sangat elegan dan cocok buat teman teman memberikan kesan modis casual dan trendy sangat berkualitas<br/>Sepatu sesuai dengan pic + box<br/>Perkiraan size<br/>Ukuran sepatu pria :<br/>39 = 24 cm<br/>40 = 25 cm<br/>41 = 26 cm<br/>42 = 27 cm<br/>43 = 28 cm<br/>44 = 29 cm<br/><br/>Ukuran sepatu perempuan :<br/>36 = 23 cm<br/>37 = 23,5 cm<br/>38 = 24 cm<br/>39 = 24,5 cm<br/>40 = 25 cm<br/><br/>', 'ecl-spt-265687981', '2018-03-18 12:58:28', '', 22, 0, 1),
(995, 53, 'ECL-SPT-265686175', '265686175', 'SEPATU ADIDAS NEO JOGGING IMPORT MURAH KEREN', 'sepatu-adidas-neo-jogging-import-murah-keren', 169200, 176200, '            BONUS : FREE BOX DAN FREE STICKER<br/><br/><br/>JIKA BARANG YANG SAMPAI KEKECILAN ATAU KEBESARAN BISA RETURN ! BARANG DATANG CACAT MAYOR / TIDAK SESUAI DENGAN DESKRIPSI KITA GANTI BARU TANPA ADA TAMBAHAN BIAYA!<br/><br/>Mohon dibaca dulu sebelum membeli :<br/>Sepatu free box<br/>sepatu cocok untuk segala acara kamu.<br/><br/>Ready size : 39,40,41,42,43,44<br/><br/>untuk order jangan lupa sertakan size dan urutan no gambar pada kolom keterangan ;<br/>contoh<br/>&#34;order gambar no 1. size 39&#34;<br/><br/>tanpa keterangan kita kirim random.<br/><br/>sepatu sangat ringan dipakai sepatu dengan kualitas grade original, sepatu grade ORI adalah sepatu yg dipacking dengan box sesuai originalnya sepatu denagan kualitas unggulan dibuat menggunakan bahan lembut yang mengikuti lekuk kaki tidak keras sangat elegan dan cocok buat teman teman memberikan kesan modis casual dan trendy sangat berkualitas<br/>Sepatu sesuai dengan pic + box<br/>Perkiraan size<br/>Ukuran sepatu pria :<br/>39 = 24 cm<br/>40 = 25 cm<br/>41 = 26 cm<br/>42 = 27 cm<br/>43 = 28 cm<br/>44 = 29 cm<br/><br/>Ukuran sepatu perempuan :<br/>36 = 23 cm<br/>37 = 23,5 cm<br/>38 = 24 cm<br/>39 = 24,5 cm<br/>40 = 25 cm<br/><br/>', 'ecl-spt-265686175', '2018-03-18 12:58:39', '', 22, 0, 1),
(996, 53, 'ECL-SPT-265685728', '265685728', 'SEPATU ADIDAS ZOOM MEN NEW SPORT MURAH', 'sepatu-adidas-zoom-men-new-sport-murah', 165200, 172200, '            BONUS : FREE BOX DAN FREE STICKER<br/><br/><br/>JIKA BARANG YANG SAMPAI KEKECILAN ATAU KEBESARAN BISA RETURN ! BARANG DATANG CACAT MAYOR / TIDAK SESUAI DENGAN DESKRIPSI KITA GANTI BARU TANPA ADA TAMBAHAN BIAYA!<br/><br/>Mohon dibaca dulu sebelum membeli :<br/>Sepatu free box<br/>sepatu cocok untuk segala acara kamu.<br/><br/>Ready size : 39,40,41,42,43,44<br/><br/>untuk order jangan lupa sertakan size dan urutan no gambar pada kolom keterangan ;<br/>contoh<br/>&#34;order gambar no 1. size 39&#34;<br/><br/>tanpa keterangan kita kirim random.<br/><br/>sepatu sangat ringan dipakai sepatu dengan kualitas grade original, sepatu grade ORI adalah sepatu yg dipacking dengan box sesuai originalnya sepatu denagan kualitas unggulan dibuat menggunakan bahan lembut yang mengikuti lekuk kaki tidak keras sangat elegan dan cocok buat teman teman memberikan kesan modis casual dan trendy sangat berkualitas<br/>Sepatu sesuai dengan pic + box<br/>Perkiraan size<br/>Ukuran sepatu pria :<br/>39 = 24 cm<br/>40 = 25 cm<br/>41 = 26 cm<br/>42 = 27 cm<br/>43 = 28 cm<br/>44 = 29 cm<br/><br/>Ukuran sepatu perempuan :<br/>36 = 23 cm<br/>37 = 23,5 cm<br/>38 = 24 cm<br/>39 = 24,5 cm<br/>40 = 25 cm<br/><br/>', 'ecl-spt-265685728', '2018-03-18 12:58:47', '', 22, 0, 1),
(997, 53, 'ECL-SPT-265685398', '265685398', 'SEPATU ADIDAS SPORT EQT IMPORT', 'sepatu-adidas-sport-eqt-import', 185200, 192200, '            BONUS : FREE BOX DAN FREE STICKER<br/><br/><br/>JIKA BARANG YANG SAMPAI KEKECILAN ATAU KEBESARAN BISA RETURN ! BARANG DATANG CACAT MAYOR / TIDAK SESUAI DENGAN DESKRIPSI KITA GANTI BARU TANPA ADA TAMBAHAN BIAYA!<br/><br/>Mohon dibaca dulu sebelum membeli :<br/>Sepatu free box<br/>sepatu cocok untuk segala acara kamu.<br/><br/>Ready size : 39,40,41,42,43,44<br/><br/>untuk order jangan lupa sertakan size dan urutan no gambar pada kolom keterangan ;<br/>contoh<br/>&#34;order gambar no 1. size 39&#34;<br/><br/>tanpa keterangan kita kirim random.<br/><br/>sepatu sangat ringan dipakai sepatu dengan kualitas grade original, sepatu grade ORI adalah sepatu yg dipacking dengan box sesuai originalnya sepatu denagan kualitas unggulan dibuat menggunakan bahan lembut yang mengikuti lekuk kaki tidak keras sangat elegan dan cocok buat teman teman memberikan kesan modis casual dan trendy sangat berkualitas<br/>Sepatu sesuai dengan pic + box<br/>Perkiraan size<br/>Ukuran sepatu pria :<br/>39 = 24 cm<br/>40 = 25 cm<br/>41 = 26 cm<br/>42 = 27 cm<br/>43 = 28 cm<br/>44 = 29 cm<br/><br/>Ukuran sepatu perempuan :<br/>36 = 23 cm<br/>37 = 23,5 cm<br/>38 = 24 cm<br/>39 = 24,5 cm<br/>40 = 25 cm<br/><br/>', 'ecl-spt-265685398', '2018-03-18 12:58:58', '', 22, 0, 1),
(998, 62, 'ECL-SPT-265684993', '265684993', 'SEPATU CONVERSE CT 2 LOW BW ORIGINAL NEW', 'sepatu-converse-ct-2-low-bw-original-new', 255200, 262200, '            BONUS : FREE BOX DAN FREE STICKER<br/><br/><br/>JIKA BARANG YANG SAMPAI KEKECILAN ATAU KEBESARAN BISA RETURN ! BARANG DATANG CACAT MAYOR / TIDAK SESUAI DENGAN DESKRIPSI KITA GANTI BARU TANPA ADA TAMBAHAN BIAYA!<br/><br/>Mohon dibaca dulu sebelum membeli :<br/>Sepatu free box<br/>sepatu cocok untuk segala acara kamu.<br/><br/>Ready size : 39,40,41,42,43,44<br/><br/>untuk order jangan lupa sertakan size dan urutan no gambar pada kolom keterangan ;<br/>contoh<br/>&#34;order gambar no 1. size 39&#34;<br/><br/>tanpa keterangan kita kirim random.<br/><br/>sepatu sangat ringan dipakai sepatu dengan kualitas grade original, sepatu grade ORI adalah sepatu yg dipacking dengan box sesuai originalnya sepatu denagan kualitas unggulan dibuat menggunakan bahan lembut yang mengikuti lekuk kaki tidak keras sangat elegan dan cocok buat teman teman memberikan kesan modis casual dan trendy sangat berkualitas<br/>Sepatu sesuai dengan pic + box<br/>Perkiraan size<br/>Ukuran sepatu pria :<br/>39 = 24 cm<br/>40 = 25 cm<br/>41 = 26 cm<br/>42 = 27 cm<br/>43 = 28 cm<br/>44 = 29 cm<br/><br/>Ukuran sepatu perempuan :<br/>36 = 23 cm<br/>37 = 23,5 cm<br/>38 = 24 cm<br/>39 = 24,5 cm<br/>40 = 25 cm<br/><br/>', 'ecl-spt-265684993', '2018-03-18 12:59:06', '', 22, 0, 1),
(999, 64, 'ECL-SPT-265684601', '265684601', 'SEPATU NIKE FUTSAL', 'sepatu-nike-futsal', 135200, 142200, '            BONUS : FREE BOX DAN FREE STICKER<br/><br/><br/>JIKA BARANG YANG SAMPAI KEKECILAN ATAU KEBESARAN BISA RETURN ! BARANG DATANG CACAT MAYOR / TIDAK SESUAI DENGAN DESKRIPSI KITA GANTI BARU TANPA ADA TAMBAHAN BIAYA!<br/><br/>Mohon dibaca dulu sebelum membeli :<br/>Sepatu free box<br/>sepatu cocok untuk segala acara kamu.<br/><br/>Ready size : 39,40,41,42,43,44<br/><br/>untuk order jangan lupa sertakan size dan urutan no gambar pada kolom keterangan ;<br/>contoh<br/>&#34;order gambar no 1. size 39&#34;<br/><br/>tanpa keterangan kita kirim random.<br/><br/>sepatu sangat ringan dipakai sepatu dengan kualitas grade original, sepatu grade ORI adalah sepatu yg dipacking dengan box sesuai originalnya sepatu denagan kualitas unggulan dibuat menggunakan bahan lembut yang mengikuti lekuk kaki tidak keras sangat elegan dan cocok buat teman teman memberikan kesan modis casual dan trendy sangat berkualitas<br/>Sepatu sesuai dengan pic + box<br/>Perkiraan size<br/>Ukuran sepatu pria :<br/>39 = 24 cm<br/>40 = 25 cm<br/>41 = 26 cm<br/>42 = 27 cm<br/>43 = 28 cm<br/>44 = 29 cm<br/><br/>Ukuran sepatu perempuan :<br/>36 = 23 cm<br/>37 = 23,5 cm<br/>38 = 24 cm<br/>39 = 24,5 cm<br/>40 = 25 cm<br/><br/>', 'ecl-spt-265684601', '2018-03-18 12:59:13', '', 22, 0, 1),
(1000, 64, 'ECL-SPT-265684206', '265684206', 'SEPATU FUTSAL PRIA NIKE NEW MURAH KEREN', 'sepatu-futsal-pria-nike-new-murah-keren', 135200, 142200, '            BONUS : FREE BOX DAN FREE STICKER<br/><br/><br/>JIKA BARANG YANG SAMPAI KEKECILAN ATAU KEBESARAN BISA RETURN ! BARANG DATANG CACAT MAYOR / TIDAK SESUAI DENGAN DESKRIPSI KITA GANTI BARU TANPA ADA TAMBAHAN BIAYA!<br/><br/>Mohon dibaca dulu sebelum membeli :<br/>Sepatu free box<br/>sepatu cocok untuk segala acara kamu.<br/><br/>Ready size : 39,40,41,42,43,44<br/><br/>untuk order jangan lupa sertakan size dan urutan no gambar pada kolom keterangan ;<br/>contoh<br/>&#34;order gambar no 1. size 39&#34;<br/><br/>tanpa keterangan kita kirim random.<br/><br/>sepatu sangat ringan dipakai sepatu dengan kualitas grade original, sepatu grade ORI adalah sepatu yg dipacking dengan box sesuai originalnya sepatu denagan kualitas unggulan dibuat menggunakan bahan lembut yang mengikuti lekuk kaki tidak keras sangat elegan dan cocok buat teman teman memberikan kesan modis casual dan trendy sangat berkualitas<br/>Sepatu sesuai dengan pic + box<br/>Perkiraan size<br/>Ukuran sepatu pria :<br/>39 = 24 cm<br/>40 = 25 cm<br/>41 = 26 cm<br/>42 = 27 cm<br/>43 = 28 cm<br/>44 = 29 cm<br/><br/>Ukuran sepatu perempuan :<br/>36 = 23 cm<br/>37 = 23,5 cm<br/>38 = 24 cm<br/>39 = 24,5 cm<br/>40 = 25 cm<br/><br/>', 'ecl-spt-265684206', '2018-03-18 12:59:21', '', 22, 0, 1),
(1001, 64, 'ECL-SPT-264817012', '264817012', 'SEPATU NIKE PRESTO NEW WOMEN IMPORT', 'sepatu-nike-presto-new-women-import', 165200, 172200, '            BONUS : FREE BOX DAN FREE STICKER<br/><br/><br/>JIKA BARANG YANG SAMPAI KEKECILAN ATAU KEBESARAN BISA RETURN ! BARANG DATANG CACAT MAYOR / TIDAK SESUAI DENGAN DESKRIPSI KITA GANTI BARU TANPA ADA TAMBAHAN BIAYA!<br/><br/>Mohon dibaca dulu sebelum membeli :<br/>Sepatu free box<br/>sepatu cocok untuk segala acara kamu.<br/><br/>Ready size : 39,40,41,42,43,44<br/><br/>untuk order jangan lupa sertakan size dan urutan no gambar pada kolom keterangan ;<br/>contoh<br/>&#34;order gambar no 1. size 39&#34;<br/><br/>tanpa keterangan kita kirim random.<br/><br/>sepatu sangat ringan dipakai sepatu dengan kualitas grade original, sepatu grade ORI adalah sepatu yg dipacking dengan box sesuai originalnya sepatu denagan kualitas unggulan dibuat menggunakan bahan lembut yang mengikuti lekuk kaki tidak keras sangat elegan dan cocok buat teman teman memberikan kesan modis casual dan trendy sangat berkualitas<br/>Sepatu sesuai dengan pic + box<br/>Perkiraan size<br/>Ukuran sepatu pria :<br/>39 = 24 cm<br/>40 = 25 cm<br/>41 = 26 cm<br/>42 = 27 cm<br/>43 = 28 cm<br/>44 = 29 cm<br/><br/>Ukuran sepatu perempuan :<br/>36 = 23 cm<br/>37 = 23,5 cm<br/>38 = 24 cm<br/>39 = 24,5 cm<br/>40 = 25 cm<br/><br/>', 'ecl-spt-264817012', '2018-03-18 12:59:29', '', 22, 0, 1),
(1002, 53, 'ECL-SPT-264816627', '264816627', 'SEPATU ADIDAS NMD JAPAN WOMEN SPORT IMPORT', 'sepatu-adidas-nmd-japan-women-sport-import', 225200, 232200, '            BONUS : FREE BOX DAN FREE STICKER<br/><br/><br/>JIKA BARANG YANG SAMPAI KEKECILAN ATAU KEBESARAN BISA RETURN ! BARANG DATANG CACAT MAYOR / TIDAK SESUAI DENGAN DESKRIPSI KITA GANTI BARU TANPA ADA TAMBAHAN BIAYA!<br/><br/>Mohon dibaca dulu sebelum membeli :<br/>Sepatu free box<br/>sepatu cocok untuk segala acara kamu.<br/><br/>Ready size : 39,40,41,42,43,44<br/><br/>untuk order jangan lupa sertakan size dan urutan no gambar pada kolom keterangan ;<br/>contoh<br/>&#34;order gambar no 1. size 39&#34;<br/><br/>tanpa keterangan kita kirim random.<br/><br/>sepatu sangat ringan dipakai sepatu dengan kualitas grade original, sepatu grade ORI adalah sepatu yg dipacking dengan box sesuai originalnya sepatu denagan kualitas unggulan dibuat menggunakan bahan lembut yang mengikuti lekuk kaki tidak keras sangat elegan dan cocok buat teman teman memberikan kesan modis casual dan trendy sangat berkualitas<br/>Sepatu sesuai dengan pic + box<br/>Perkiraan size<br/>Ukuran sepatu pria :<br/>39 = 24 cm<br/>40 = 25 cm<br/>41 = 26 cm<br/>42 = 27 cm<br/>43 = 28 cm<br/>44 = 29 cm<br/><br/>Ukuran sepatu perempuan :<br/>36 = 23 cm<br/>37 = 23,5 cm<br/>38 = 24 cm<br/>39 = 24,5 cm<br/>40 = 25 cm<br/><br/>', 'ecl-spt-264816627', '2018-03-18 12:59:34', '', 22, 0, 1),
(1003, 53, 'ECL-SPT-264816116', '264816116', 'SEPATU ADIDAS ALPHABOUNCE RUNNING SPORT NEW', 'sepatu-adidas-alphabounce-running-sport-new', 165200, 172200, '            BONUS : FREE BOX DAN FREE STICKER<br/><br/><br/>JIKA BARANG YANG SAMPAI KEKECILAN ATAU KEBESARAN BISA RETURN ! BARANG DATANG CACAT MAYOR / TIDAK SESUAI DENGAN DESKRIPSI KITA GANTI BARU TANPA ADA TAMBAHAN BIAYA!<br/><br/>Mohon dibaca dulu sebelum membeli :<br/>Sepatu free box<br/>sepatu cocok untuk segala acara kamu.<br/><br/>Ready size : 39,40,41,42,43,44<br/><br/>untuk order jangan lupa sertakan size dan urutan no gambar pada kolom keterangan ;<br/>contoh<br/>&#34;order gambar no 1. size 39&#34;<br/><br/>tanpa keterangan kita kirim random.<br/><br/>sepatu sangat ringan dipakai sepatu dengan kualitas grade original, sepatu grade ORI adalah sepatu yg dipacking dengan box sesuai originalnya sepatu denagan kualitas unggulan dibuat menggunakan bahan lembut yang mengikuti lekuk kaki tidak keras sangat elegan dan cocok buat teman teman memberikan kesan modis casual dan trendy sangat berkualitas<br/>Sepatu sesuai dengan pic + box<br/>Perkiraan size<br/>Ukuran sepatu pria :<br/>39 = 24 cm<br/>40 = 25 cm<br/>41 = 26 cm<br/>42 = 27 cm<br/>43 = 28 cm<br/>44 = 29 cm<br/><br/>Ukuran sepatu perempuan :<br/>36 = 23 cm<br/>37 = 23,5 cm<br/>38 = 24 cm<br/>39 = 24,5 cm<br/>40 = 25 cm<br/><br/>', 'ecl-spt-264816116', '2018-03-18 12:59:42', '', 22, 0, 1),
(1004, 53, 'ECL-SPT-264815633', '264815633', 'SEPATU ADIDAS NMD R2 JAPAN PK IMPORT NEW', 'sepatu-adidas-nmd-r2-japan-pk-import-new', 225200, 232200, '            BONUS : FREE BOX DAN FREE STICKER<br/><br/><br/>JIKA BARANG YANG SAMPAI KEKECILAN ATAU KEBESARAN BISA RETURN ! BARANG DATANG CACAT MAYOR / TIDAK SESUAI DENGAN DESKRIPSI KITA GANTI BARU TANPA ADA TAMBAHAN BIAYA!<br/><br/>Mohon dibaca dulu sebelum membeli :<br/>Sepatu free box<br/>sepatu cocok untuk segala acara kamu.<br/><br/>Ready size : 39,40,41,42,43,44<br/><br/>untuk order jangan lupa sertakan size dan urutan no gambar pada kolom keterangan ;<br/>contoh<br/>&#34;order gambar no 1. size 39&#34;<br/><br/>tanpa keterangan kita kirim random.<br/><br/>sepatu sangat ringan dipakai sepatu dengan kualitas grade original, sepatu grade ORI adalah sepatu yg dipacking dengan box sesuai originalnya sepatu denagan kualitas unggulan dibuat menggunakan bahan lembut yang mengikuti lekuk kaki tidak keras sangat elegan dan cocok buat teman teman memberikan kesan modis casual dan trendy sangat berkualitas<br/>Sepatu sesuai dengan pic + box<br/>Perkiraan size<br/>Ukuran sepatu pria :<br/>39 = 24 cm<br/>40 = 25 cm<br/>41 = 26 cm<br/>42 = 27 cm<br/>43 = 28 cm<br/>44 = 29 cm<br/><br/>Ukuran sepatu perempuan :<br/>36 = 23 cm<br/>37 = 23,5 cm<br/>38 = 24 cm<br/>39 = 24,5 cm<br/>40 = 25 cm<br/><br/>', 'ecl-spt-264815633', '2018-03-18 13:00:00', '', 22, 0, 1),
(1005, 64, 'ECL-SPT-264303936', '264303936', 'SEPATU NIKE WOMEN PRESTO BARU IMPORT', 'sepatu-nike-women-presto-baru-import', 165200, 172200, '            BONUS : FREE BOX DAN FREE STICKER<br/><br/><br/>JIKA BARANG YANG SAMPAI KEKECILAN ATAU KEBESARAN BISA RETURN ! BARANG DATANG CACAT MAYOR / TIDAK SESUAI DENGAN DESKRIPSI KITA GANTI BARU TANPA ADA TAMBAHAN BIAYA!<br/><br/>Mohon dibaca dulu sebelum membeli :<br/>Sepatu free box<br/>sepatu cocok untuk segala acara kamu.<br/><br/>Ready size : 39,40,41,42,43,44<br/><br/>untuk order jangan lupa sertakan size dan urutan no gambar pada kolom keterangan ;<br/>contoh<br/>&#34;order gambar no 1. size 39&#34;<br/><br/>tanpa keterangan kita kirim random.<br/><br/>sepatu sangat ringan dipakai sepatu dengan kualitas grade original, sepatu grade ORI adalah sepatu yg dipacking dengan box sesuai originalnya sepatu denagan kualitas unggulan dibuat menggunakan bahan lembut yang mengikuti lekuk kaki tidak keras sangat elegan dan cocok buat teman teman memberikan kesan modis casual dan trendy sangat berkualitas<br/>Sepatu sesuai dengan pic + box<br/>Perkiraan size<br/>Ukuran sepatu pria :<br/>39 = 24 cm<br/>40 = 25 cm<br/>41 = 26 cm<br/>42 = 27 cm<br/>43 = 28 cm<br/>44 = 29 cm<br/><br/>Ukuran sepatu perempuan :<br/>36 = 23 cm<br/>37 = 23,5 cm<br/>38 = 24 cm<br/>39 = 24,5 cm<br/>40 = 25 cm<br/><br/>', 'ecl-spt-264303936', '2018-03-18 13:00:21', '', 22, 0, 1),
(1006, 53, 'ECL-SPT-264303559', '264303559', 'SEPATU ADIDAS ALPHABOUNCE NEW SPORT BARU', 'sepatu-adidas-alphabounce-new-sport-baru', 169200, 176200, '            BONUS : FREE BOX DAN FREE STICKER<br/><br/><br/>JIKA BARANG YANG SAMPAI KEKECILAN ATAU KEBESARAN BISA RETURN ! BARANG DATANG CACAT MAYOR / TIDAK SESUAI DENGAN DESKRIPSI KITA GANTI BARU TANPA ADA TAMBAHAN BIAYA!<br/><br/>Mohon dibaca dulu sebelum membeli :<br/>Sepatu free box<br/>sepatu cocok untuk segala acara kamu.<br/><br/>Ready size : 39,40,41,42,43,44<br/><br/>untuk order jangan lupa sertakan size dan urutan no gambar pada kolom keterangan ;<br/>contoh<br/>&#34;order gambar no 1. size 39&#34;<br/><br/>tanpa keterangan kita kirim random.<br/><br/>sepatu sangat ringan dipakai sepatu dengan kualitas grade original, sepatu grade ORI adalah sepatu yg dipacking dengan box sesuai originalnya sepatu denagan kualitas unggulan dibuat menggunakan bahan lembut yang mengikuti lekuk kaki tidak keras sangat elegan dan cocok buat teman teman memberikan kesan modis casual dan trendy sangat berkualitas<br/>Sepatu sesuai dengan pic + box<br/>Perkiraan size<br/>Ukuran sepatu pria :<br/>39 = 24 cm<br/>40 = 25 cm<br/>41 = 26 cm<br/>42 = 27 cm<br/>43 = 28 cm<br/>44 = 29 cm<br/><br/>Ukuran sepatu perempuan :<br/>36 = 23 cm<br/>37 = 23,5 cm<br/>38 = 24 cm<br/>39 = 24,5 cm<br/>40 = 25 cm<br/><br/>', 'ecl-spt-264303559', '2018-03-18 13:00:54', '', 22, 0, 1),
(1007, 53, 'ECL-SPT-264303232', '264303232', 'SEPATU ADIDAS NMD R2 JAPAN NEW SPORT IMPORT', 'sepatu-adidas-nmd-r2-japan-new-sport-import', 225200, 232200, '            BONUS : FREE BOX DAN FREE STICKER<br/><br/><br/>JIKA BARANG YANG SAMPAI KEKECILAN ATAU KEBESARAN BISA RETURN ! BARANG DATANG CACAT MAYOR / TIDAK SESUAI DENGAN DESKRIPSI KITA GANTI BARU TANPA ADA TAMBAHAN BIAYA!<br/><br/>Mohon dibaca dulu sebelum membeli :<br/>Sepatu free box<br/>sepatu cocok untuk segala acara kamu.<br/><br/>Ready size : 39,40,41,42,43,44<br/><br/>untuk order jangan lupa sertakan size dan urutan no gambar pada kolom keterangan ;<br/>contoh<br/>&#34;order gambar no 1. size 39&#34;<br/><br/>tanpa keterangan kita kirim random.<br/><br/>sepatu sangat ringan dipakai sepatu dengan kualitas grade original, sepatu grade ORI adalah sepatu yg dipacking dengan box sesuai originalnya sepatu denagan kualitas unggulan dibuat menggunakan bahan lembut yang mengikuti lekuk kaki tidak keras sangat elegan dan cocok buat teman teman memberikan kesan modis casual dan trendy sangat berkualitas<br/>Sepatu sesuai dengan pic + box<br/>Perkiraan size<br/>Ukuran sepatu pria :<br/>39 = 24 cm<br/>40 = 25 cm<br/>41 = 26 cm<br/>42 = 27 cm<br/>43 = 28 cm<br/>44 = 29 cm<br/><br/>Ukuran sepatu perempuan :<br/>36 = 23 cm<br/>37 = 23,5 cm<br/>38 = 24 cm<br/>39 = 24,5 cm<br/>40 = 25 cm<br/><br/>', 'ecl-spt-264303232', '2018-03-18 13:01:11', '', 22, 0, 1),
(1008, 53, 'ECL-SPT-264302754', '264302754', 'SEPATU ADIDAS NMD R2 JAPAN NEW SPORT WOMEN', 'sepatu-adidas-nmd-r2-japan-new-sport-women', 225200, 232200, '            BONUS : FREE BOX DAN FREE STICKER<br/><br/><br/>JIKA BARANG YANG SAMPAI KEKECILAN ATAU KEBESARAN BISA RETURN ! BARANG DATANG CACAT MAYOR / TIDAK SESUAI DENGAN DESKRIPSI KITA GANTI BARU TANPA ADA TAMBAHAN BIAYA!<br/><br/>Mohon dibaca dulu sebelum membeli :<br/>Sepatu free box<br/>sepatu cocok untuk segala acara kamu.<br/><br/>Ready size : 39,40,41,42,43,44<br/><br/>untuk order jangan lupa sertakan size dan urutan no gambar pada kolom keterangan ;<br/>contoh<br/>&#34;order gambar no 1. size 39&#34;<br/><br/>tanpa keterangan kita kirim random.<br/><br/>sepatu sangat ringan dipakai sepatu dengan kualitas grade original, sepatu grade ORI adalah sepatu yg dipacking dengan box sesuai originalnya sepatu denagan kualitas unggulan dibuat menggunakan bahan lembut yang mengikuti lekuk kaki tidak keras sangat elegan dan cocok buat teman teman memberikan kesan modis casual dan trendy sangat berkualitas<br/>Sepatu sesuai dengan pic + box<br/>Perkiraan size<br/>Ukuran sepatu pria :<br/>39 = 24 cm<br/>40 = 25 cm<br/>41 = 26 cm<br/>42 = 27 cm<br/>43 = 28 cm<br/>44 = 29 cm<br/><br/>Ukuran sepatu perempuan :<br/>36 = 23 cm<br/>37 = 23,5 cm<br/>38 = 24 cm<br/>39 = 24,5 cm<br/>40 = 25 cm<br/><br/>', 'ecl-spt-264302754', '2018-03-18 13:01:19', '', 22, 0, 1),
(1009, 66, 'ECL-SPT-264302398', '264302398', 'SEPATU MOOFEAT BRODO BOOTS KULIT ASLI NEW MURAH', 'sepatu-moofeat-brodo-boots-kulit-asli-new-murah', 185200, 192200, '            BONUS : FREE BOX DAN FREE STICKER<br/><br/><br/>JIKA BARANG YANG SAMPAI KEKECILAN ATAU KEBESARAN BISA RETURN ! BARANG DATANG CACAT MAYOR / TIDAK SESUAI DENGAN DESKRIPSI KITA GANTI BARU TANPA ADA TAMBAHAN BIAYA!<br/><br/>Mohon dibaca dulu sebelum membeli :<br/>Sepatu free box<br/>sepatu cocok untuk segala acara kamu.<br/><br/>Ready size : 39,40,41,42,43,44<br/><br/>untuk order jangan lupa sertakan size dan urutan no gambar pada kolom keterangan ;<br/>contoh<br/>&#34;order gambar no 1. size 39&#34;<br/><br/>tanpa keterangan kita kirim random.<br/><br/>sepatu sangat ringan dipakai sepatu dengan kualitas grade original, sepatu grade ORI adalah sepatu yg dipacking dengan box sesuai originalnya sepatu denagan kualitas unggulan dibuat menggunakan bahan lembut yang mengikuti lekuk kaki tidak keras sangat elegan dan cocok buat teman teman memberikan kesan modis casual dan trendy sangat berkualitas<br/>Sepatu sesuai dengan pic + box<br/>Perkiraan size<br/>Ukuran sepatu pria :<br/>39 = 24 cm<br/>40 = 25 cm<br/>41 = 26 cm<br/>42 = 27 cm<br/>43 = 28 cm<br/>44 = 29 cm<br/><br/>Ukuran sepatu perempuan :<br/>36 = 23 cm<br/>37 = 23,5 cm<br/>38 = 24 cm<br/>39 = 24,5 cm<br/>40 = 25 cm<br/><br/>', 'ecl-spt-264302398', '2018-03-18 13:01:32', '', 22, 0, 1),
(1010, 66, 'ECL-SPT-264302018', '264302018', 'SEPATU PRIA BOOTS EDWARD KULIT', 'sepatu-pria-boots-edward-kulit', 185200, 192200, '            BONUS : FREE BOX DAN FREE STICKER<br/><br/><br/>JIKA BARANG YANG SAMPAI KEKECILAN ATAU KEBESARAN BISA RETURN ! BARANG DATANG CACAT MAYOR / TIDAK SESUAI DENGAN DESKRIPSI KITA GANTI BARU TANPA ADA TAMBAHAN BIAYA!<br/><br/>Mohon dibaca dulu sebelum membeli :<br/>Sepatu free box<br/>sepatu cocok untuk segala acara kamu.<br/><br/>Ready size : 39,40,41,42,43,44<br/><br/>untuk order jangan lupa sertakan size dan urutan no gambar pada kolom keterangan ;<br/>contoh<br/>&#34;order gambar no 1. size 39&#34;<br/><br/>tanpa keterangan kita kirim random.<br/><br/>sepatu sangat ringan dipakai sepatu dengan kualitas grade original, sepatu grade ORI adalah sepatu yg dipacking dengan box sesuai originalnya sepatu denagan kualitas unggulan dibuat menggunakan bahan lembut yang mengikuti lekuk kaki tidak keras sangat elegan dan cocok buat teman teman memberikan kesan modis casual dan trendy sangat berkualitas<br/>Sepatu sesuai dengan pic + box<br/>Perkiraan size<br/>Ukuran sepatu pria :<br/>39 = 24 cm<br/>40 = 25 cm<br/>41 = 26 cm<br/>42 = 27 cm<br/>43 = 28 cm<br/>44 = 29 cm<br/><br/>Ukuran sepatu perempuan :<br/>36 = 23 cm<br/>37 = 23,5 cm<br/>38 = 24 cm<br/>39 = 24,5 cm<br/>40 = 25 cm<br/><br/>', 'ecl-spt-264302018', '2018-03-18 13:01:49', '', 22, 0, 1);

--
-- Indexes for dumped tables
--

--
-- Indexes for table `master_category`
--
ALTER TABLE `master_category`
  ADD PRIMARY KEY (`id`);

--
-- Indexes for table `master_customer`
--
ALTER TABLE `master_customer`
  ADD PRIMARY KEY (`id`);

--
-- Indexes for table `master_product`
--
ALTER TABLE `master_product`
  ADD PRIMARY KEY (`id`);

--
-- AUTO_INCREMENT for dumped tables
--

--
-- AUTO_INCREMENT for table `master_category`
--
ALTER TABLE `master_category`
  MODIFY `id` int(15) NOT NULL AUTO_INCREMENT, AUTO_INCREMENT=67;
--
-- AUTO_INCREMENT for table `master_customer`
--
ALTER TABLE `master_customer`
  MODIFY `id` int(12) NOT NULL AUTO_INCREMENT, AUTO_INCREMENT=3;
--
-- AUTO_INCREMENT for table `master_product`
--
ALTER TABLE `master_product`
  MODIFY `id` mediumint(12) NOT NULL AUTO_INCREMENT, AUTO_INCREMENT=1011;
/*!40101 SET CHARACTER_SET_CLIENT=@OLD_CHARACTER_SET_CLIENT */;
/*!40101 SET CHARACTER_SET_RESULTS=@OLD_CHARACTER_SET_RESULTS */;
/*!40101 SET COLLATION_CONNECTION=@OLD_COLLATION_CONNECTION */;
